cic_id,birth_year,age,gender,airline,flight_num,visa_type,visa_class,visa_issue_state,mode,citizen_country_name,resident_country_name
1195600,1940,76,M,LH,00464,WT,Pleasure,"",Air,"",GERMANY
1387607,1982,34,F,AF,00338,WT,Pleasure,"",Air,"",GERMANY
4299497,1985,31,F,AF,00010,WT,Pleasure,"",Air,"",GERMANY
2522724,1980,36,F,LH,00402,WT,Pleasure,"",Air,"",GERMANY
267021,1958,58,"",LH,00422,WT,Pleasure,"",Air,"",GERMANY
3686758,1976,40,M,BA,00179,WT,Pleasure,"",Air,"",GERMANY
5245089,1961,55,F,AA,00731,WT,Pleasure,"",Air,"",GERMANY
2914164,1963,53,F,UA,00865,WB,Business,"",Air,"",GERMANY
4709156,1979,37,M,AA,00705,WB,Business,"",Air,"",GERMANY
1389098,1982,34,M,AB,07450,WT,Pleasure,"",Air,"",GERMANY
2711123,1960,56,F,LH,00408,WT,Pleasure,"",Air,"",GERMANY
2913751,1987,29,F,AA,00731,WT,Pleasure,"",Air,"",GERMANY
2013603,1962,54,M,BA,00193,WT,Pleasure,"",Air,"",GERMANY
48659,1981,35,M,BA,00275,WT,Pleasure,"",Air,"",GERMANY
3136802,1994,22,M,"",LAND,WT,Pleasure,"",Land,"",GERMANY
5250382,1967,49,M,AM,02200,WB,Business,"",Air,"",GERMANY
5710005,1961,55,M,LH,00402,WT,Pleasure,"",Air,"",GERMANY
4885133,2013,3,"",AB,07000,WT,Pleasure,"",Air,"",GERMANY
1195419,1968,48,M,LH,00456,WT,Pleasure,"",Air,"",GERMANY
3343735,1962,54,"",LH,00422,WB,Business,"",Air,"",GERMANY
4518344,1979,37,M,SK,00935,WT,Pleasure,"",Air,"",GERMANY
1195982,1956,60,M,AB,07210,WT,Pleasure,"",Air,"",GERMANY
1020076,1984,32,F,LH,00410,WT,Pleasure,"",Air,"",GERMANY
852513,1966,50,M,LH,00456,WB,Business,"",Air,"",GERMANY
1606014,1966,50,"",LH,00438,WT,Pleasure,"",Air,"",GERMANY
48878,2010,6,F,LH,00452,WT,Pleasure,"",Air,"",GERMANY
1390539,1964,52,M,LH,00430,WB,Business,"",Air,"",GERMANY
266409,1970,46,"",LH,00444,WB,Business,"",Air,"",SWITZERLAND
5250285,1963,53,"",LH,00438,WT,Pleasure,"",Air,"",GERMANY
3517920,1957,59,M,AA,00701,WT,Pleasure,"",Air,"",GERMANY
2340245,1941,75,F,LH,00410,WT,Pleasure,"",Air,"",GERMANY
480428,1965,51,"",LH,00462,WT,Pleasure,"",Air,"",GERMANY
3135817,1958,58,"",LH,00462,WT,Pleasure,"",Air,"",GERMANY
4711317,2012,4,"",SQ,00026,WT,Pleasure,"",Air,"",GERMANY
4078254,1984,32,M,AB,07420,WB,Business,"",Air,"",GERMANY
1193133,1958,58,"",AF,00682,WT,Pleasure,"",Air,"",GERMANY
5248600,1956,60,F,LH,00430,WT,Pleasure,"",Air,"",GERMANY
5714054,1938,78,M,AA,00717,WT,Pleasure,"",Air,"",GERMANY
5246711,2012,4,M,LH,00410,WT,Pleasure,"",Air,"",GERMANY
5714501,1979,37,M,AB,07008,WT,Pleasure,"",Air,"",GERMANY
5713141,1982,34,"",AB,07210,WT,Pleasure,"",Air,"",GERMANY
4882428,1963,53,M,DL,00015,WB,Business,"",Air,"",GERMANY
4302956,1973,43,M,LH,00410,E2,Business,FRN,Air,"",GERMANY
852702,1959,57,"",LH,00452,WT,Pleasure,"",Air,"",GERMANY
2916461,1993,23,M,LH,00460,WT,Pleasure,"",Air,"",GERMANY
674661,1962,54,F,SQ,00026,WT,Pleasure,"",Air,"",GERMANY
3870400,1981,35,"",DL,00131,WT,Pleasure,"",Air,"",GERMANY
3133114,1973,43,M,LH,00414,WB,Business,"",Air,"",GERMANY
3874218,1967,49,"",LH,00454,WT,Pleasure,"",Air,"",GERMANY
715185,1933,83,M,BW,00482,B2,Pleasure,PTS,Air,TRINIDAD AND TOBAGO,TRINIDAD AND TOBAGO
1434452,1945,71,M,AA,02282,B2,Pleasure,PTS,Air,TRINIDAD AND TOBAGO,TRINIDAD AND TOBAGO
2741251,1994,22,M,BA,00273,B2,Pleasure,TLV,Air,ISRAEL,ISRAEL
3371259,1992,24,"",AA,01601,B2,Pleasure,"",Air,ISRAEL,ISRAEL
3898468,1995,21,F,AZ,00608,B2,Pleasure,TLV,Air,ISRAEL,ISRAEL
873857,1975,41,F,UA,00955,B1,Business,TLV,Air,ISRAEL,ISRAEL
1217552,1994,22,F,SU,00100,B2,Pleasure,TLV,Air,ISRAEL,ISRAEL
4912411,2004,12,M,UA,00955,B2,Pleasure,TLV,Air,ISRAEL,ISRAEL
3898364,1970,46,F,LY,00001,B2,Pleasure,TLV,Air,ISRAEL,ISRAEL
1040289,1946,70,M,SU,00106,B2,Pleasure,TLV,Air,ISRAEL,ISRAEL
1413332,2003,13,M,AA,00717,B2,Pleasure,TLV,Air,ISRAEL,ISRAEL
1848870,1995,21,F,LY,00027,B2,Pleasure,JRS,Air,ISRAEL,ISRAEL
697792,1972,44,M,DL,00083,B2,Pleasure,TLV,Air,ISRAEL,ISRAEL
1040218,1942,74,F,CM,00808,B2,Pleasure,TLV,Air,ISRAEL,ISRAEL
873211,1987,29,M,OS,00093,B2,Pleasure,TLV,Air,ISRAEL,ISRAEL
5692439,1975,41,M,TK,00033,B1,Business,IST,Air,"",TURKEY
2326063,1945,71,F,TK,00011,B2,Pleasure,IST,Air,"",TURKEY
4338296,1972,44,F,EY,00103,B2,Pleasure,ABD,Air,UNITED ARAB EMIRATES,UNITED ARAB EMIRATES
2901425,1955,61,F,AA,00135,B2,Pleasure,IST,Air,"",TURKEY
3115632,1978,38,M,TK,00077,B2,Pleasure,IST,Air,"",TURKEY
3503887,1940,76,F,TK,00001,B2,Pleasure,IST,Air,"",TURKEY
2167869,1974,42,M,DL,00027,B1,Business,ANK,Air,"",TURKEY
3726176,1961,55,M,AA,02572,B2,Pleasure,BGN,Air,BARBADOS,BARBADOS
5301075,1970,46,F,MQ,03348,B2,Pleasure,BGN,Air,BARBADOS,BARBADOS
5662583,1961,55,M,SK,00901,WT,Pleasure,"",Air,DENMARK,DENMARK
1349112,1956,60,F,AZ,00602,WT,Pleasure,"",Air,DENMARK,ISRAEL
1975402,2015,1,M,DL,00133,WT,Pleasure,"",Air,DENMARK,DENMARK
3652390,1995,21,M,DY,07091,WT,Pleasure,"",Air,DENMARK,DENMARK
3083727,1988,28,F,DY,07041,WT,Pleasure,"",Air,DENMARK,DENMARK
435495,1976,40,"",DL,00127,WB,Business,"",Air,DENMARK,DENMARK
5015059,1947,69,"",SK,00943,WT,Pleasure,"",Air,DENMARK,DENMARK
1860945,1951,65,F,UA,00988,B2,Pleasure,CRO,Air,EGYPT,EGYPT
5515091,1968,48,F,UA,00945,B2,Pleasure,CRO,Air,EGYPT,EGYPT
86265,1986,30,M,EK,00219,B2,Pleasure,JDD,Air,EGYPT,EGYPT
3549552,1988,28,"",MS,00985,B2,Pleasure,"",Air,EGYPT,EGYPT
5293311,1984,32,"",MS,00985,B2,Pleasure,"",Air,EGYPT,EGYPT
4042798,1954,62,"",FI,00689,WT,Pleasure,"",Air,ICELAND,ICELAND
239999,2000,16,F,IB,06253,WT,Pleasure,"",Air,PORTUGAL,ANGOLA
4866976,1990,26,F,UA,00065,WT,Pleasure,"",Air,PORTUGAL,PORTUGAL
647849,1984,32,M,AD,08706,WT,Pleasure,"",Air,PORTUGAL,BRAZIL
4054245,1977,39,F,TP,00201,WT,Pleasure,"",Air,PORTUGAL,PORTUGAL
1170620,1958,58,M,LH,00400,WT,Pleasure,"",Air,PORTUGAL,PORTUGAL
1170649,1945,71,F,AA,00216,WT,Pleasure,"",Air,PORTUGAL,PORTUGAL
823410,1985,31,M,FI,00689,WT,Pleasure,"",Air,ICELAND,ICELAND
1984857,1952,64,M,KL,00621,WT,Pleasure,"",Air,ICELAND,NORWAY
1333584,1998,18,F,AA,00922,B2,Pleasure,LPZ,Air,BOLIVIA,BOLIVIA
1481650,1965,51,M,DL,910,B2,Pleasure,"",Air,GUATEMALA,GUATEMALA
3001596,1938,78,F,AA,00787,B2,Pleasure,GTM,Air,GUATEMALA,GUATEMALA
2615091,1960,56,F,AV,00342,B2,Pleasure,GTM,Air,GUATEMALA,GUATEMALA
4338665,1984,32,"",AT,00200,B1,Business,"",Air,MOROCCO,MOROCCO
2209939,2011,5,M,EK,00203,B2,Pleasure,DUB,Air,MOROCCO,UNITED ARAB EMIRATES
5342910,1982,34,F,UA,01901,B2,Pleasure,GTM,Air,GUATEMALA,GUATEMALA
3959662,1941,75,M,UA,01901,B2,Pleasure,GTM,Air,GUATEMALA,GUATEMALA
1695849,1931,85,M,DL,00906,B2,Pleasure,GTM,Air,GUATEMALA,GUATEMALA
751451,1991,25,M,"",LAND,B2,Pleasure,GTM,Land,GUATEMALA,GUATEMALA
4168875,1967,49,F,AA,02247,B2,Pleasure,GTM,Air,GUATEMALA,GUATEMALA
3548734,2007,9,F,LH,00464,B2,Pleasure,CSB,Air,MOROCCO,MOROCCO
3425763,1972,44,M,AV,00368,B1,Business,GTM,Air,GUATEMALA,GUATEMALA
1481945,1968,48,F,UA,01901,B2,Pleasure,GTM,Air,GUATEMALA,GUATEMALA
5418580,1972,44,F,TK,00079,B2,Pleasure,VNN,Air,AUSTRIA,AUSTRIA
626444,1992,24,F,BA,00275,WT,Pleasure,"",Air,AUSTRIA,AUSTRIA
982263,1993,23,F,KL,00601,WT,Pleasure,"",Air,AUSTRIA,AUSTRIA
5418335,1982,34,M,LH,00432,WB,Business,"",Air,AUSTRIA,AUSTRIA
982461,2007,9,F,AA,00057,WT,Pleasure,"",Air,AUSTRIA,UNITED KINGDOM
2479583,1939,77,"",LH,00482,WT,Pleasure,"",Air,AUSTRIA,AUSTRIA
3484147,1953,63,F,AB,07000,WT,Pleasure,"",Air,AUSTRIA,AUSTRIA
3907700,1977,39,F,TK,00007,B2,Pleasure,KHT,Air,SUDAN,SUDAN
5881744,1988,28,M,PY,00421,B2,Pleasure,PRM,Air,SURINAME,SURINAME
4084316,1955,61,F,JL,00782,WT,Pleasure,"",Air,JAPAN,JAPAN
5056736,1944,72,M,DL,00598,WT,Pleasure,"",Air,JAPAN,JAPAN
2721962,1975,41,"",HA,00458,WT,Pleasure,"",Air,JAPAN,JAPAN
5472659,2008,8,M,UA,00078,WT,Pleasure,"",Air,JAPAN,JAPAN
4086972,1972,44,F,UA,00876,WT,Pleasure,"",Air,JAPAN,JAPAN
3148387,1981,35,M,UA,00838,WB,Business,"",Air,JAPAN,JAPAN
2351028,1956,60,M,JL,00066,WT,Pleasure,"",Air,JAPAN,JAPAN
2027276,1945,71,F,UA,00034,WT,Pleasure,"",Air,JAPAN,JAPAN
2926213,1966,50,M,UA,00034,WB,Business,"",Air,JAPAN,JAPAN
1028660,1975,41,M,NH,00008,WT,Pleasure,"",Air,JAPAN,JAPAN
680812,1969,47,M,JL,00008,WB,Business,"",Air,JAPAN,JAPAN
2720247,1962,54,M,JL,00792,WT,Pleasure,"",Air,JAPAN,JAPAN
5475279,1977,39,M,DL,00578,WT,Pleasure,"",Air,JAPAN,JAPAN
3147418,1977,39,M,"",LAND,WT,Pleasure,"",Land,JAPAN,JAPAN
54324,1957,59,F,DL,00278,WT,Pleasure,"",Air,JAPAN,JAPAN
1396100,1970,46,F,NH,00184,WT,Pleasure,"",Air,JAPAN,JAPAN
4526989,1968,48,M,JL,00010,WT,Pleasure,"",Air,JAPAN,JAPAN
5062245,1974,42,M,AA,00026,WT,Pleasure,"",Air,JAPAN,JAPAN
2023436,1961,55,M,DL,00598,WT,Pleasure,"",Air,JAPAN,JAPAN
276351,2010,6,F,HA,00458,WT,Pleasure,"",Air,JAPAN,JAPAN
684429,1956,60,F,NH,00104,WT,Pleasure,"",Air,JAPAN,JAPAN
5483093,1949,67,M,JL,00062,WT,Pleasure,"",Air,JAPAN,JAPAN
1026490,1950,66,F,JL,00786,WT,Pleasure,"",Air,JAPAN,JAPAN
685207,1996,20,F,DL,00284,WT,Pleasure,"",Air,JAPAN,JAPAN
4082575,1943,73,M,HA,00458,WT,Pleasure,"",Air,JAPAN,JAPAN
2720964,1952,64,M,NQ,00182,WT,Pleasure,"",Air,JAPAN,JAPAN
2723913,1969,47,M,JL,00062,WB,Business,"",Air,JAPAN,JAPAN
1826960,1987,29,M,AA,00176,WB,Business,"",Air,JAPAN,JAPAN
2346741,1959,57,F,DL,00598,WT,Pleasure,"",Air,JAPAN,JAPAN
4525494,1970,46,"",NH,00174,WB,Business,"",Air,JAPAN,JAPAN
3145084,1983,33,"",HA,00458,WT,Pleasure,"",Air,JAPAN,JAPAN
5472156,1968,48,"",AA,00176,WT,Pleasure,"",Air,JAPAN,JAPAN
5484369,1980,36,M,UA,00882,WT,Pleasure,"",Air,JAPAN,JAPAN
485199,1962,54,F,DL,00564,WT,Pleasure,"",Air,JAPAN,JAPAN
4718538,1964,52,F,DL,00598,WT,Pleasure,"",Air,JAPAN,JAPAN
4522231,1947,69,M,DL,00276,WT,Pleasure,"",Air,JAPAN,JAPAN
2025435,1968,48,F,NH,00104,WT,Pleasure,"",Air,JAPAN,JAPAN
5252852,1989,27,M,JL,00008,WT,Pleasure,"",Air,JAPAN,JAPAN
54317,1988,28,M,JL,00782,WT,Pleasure,"",Air,JAPAN,JAPAN
4718122,1984,32,F,JL,00786,WT,Pleasure,"",Air,JAPAN,JAPAN
1025877,1943,73,F,DL,00278,WT,Pleasure,"",Air,JAPAN,JAPAN
5064157,1965,51,"",NH,00178,WT,Pleasure,"",Air,JAPAN,JAPAN
4718060,1981,35,M,JL,00782,WT,Pleasure,"",Air,JAPAN,JAPAN
56107,2006,10,F,JL,00794,WT,Pleasure,"",Air,JAPAN,JAPAN
2187824,1966,50,"",JL,00794,WT,Pleasure,"",Air,JAPAN,JAPAN
682147,1993,23,F,DL,00578,WT,Pleasure,"",Air,JAPAN,JAPAN
56519,1976,40,F,JL,00782,WT,Pleasure,"",Air,JAPAN,JAPAN
2023167,1990,26,M,HA,00458,WT,Pleasure,"",Air,JAPAN,JAPAN
5724253,1996,20,M,HA,00450,WT,Pleasure,"",Air,JAPAN,JAPAN
4525560,1986,30,"",NH,00174,WB,Business,"",Air,JAPAN,JAPAN
858814,2014,2,F,NH,00186,WT,Pleasure,"",Air,JAPAN,JAPAN
3352680,1986,30,F,HA,00458,WT,Pleasure,"",Air,JAPAN,JAPAN
5724005,1951,65,M,KE,00001,WT,Pleasure,"",Air,JAPAN,JAPAN
5258247,1989,27,"",KE,00001,WT,Pleasure,"",Air,JAPAN,JAPAN
2536368,1980,36,M,JL,00012,E2,Business,TKY,Air,JAPAN,JAPAN
985523,1997,19,F,"",LAND,WT,Pleasure,"",Land,FRANCE,FRANCE
3097076,1975,41,F,DY,06750,WT,Pleasure,"",Air,FRANCE,MARTINIQUE
1787495,1987,29,"",LA,03502,WT,Pleasure,"",Air,FRANCE,FRANCE
2887088,1974,42,"",IB,06123,WT,Pleasure,"",Air,FRANCE,FRANCE
4255430,1976,40,"",SE,00060,B2,Pleasure,"",Air,FRANCE,FRANCE
5016696,1980,36,F,SE,00030,WT,Pleasure,"",Air,FRANCE,FRANCE
2489526,1984,32,M,IB,06171,WT,Pleasure,"",Air,FRANCE,ISRAEL
2489005,1989,27,M,RS,07599,WT,Pleasure,"",Air,FRANCE,FRANCE
224390,2002,14,M,AF,00378,WT,Pleasure,"",Air,FRANCE,FRANCE
1983761,1975,41,"",AF,00006,WB,Business,"",Air,FRANCE,FRANCE
2487808,1949,67,F,AF,00090,WT,Pleasure,"",Air,FRANCE,FRANCE
1782513,1944,72,M,AA,00105,WT,Pleasure,"",Air,FRANCE,FRANCE
229043,1952,64,M,KL,00601,WT,Pleasure,"",Air,FRANCE,FRANCE
3085571,1984,32,F,AF,00688,WB,Business,"",Air,FRANCE,FRANCE
4038162,1983,33,"",AF,00022,WB,Business,"",Air,FRANCE,FRANCE
5665973,1963,53,F,AF,00012,WT,Pleasure,"",Air,FRANCE,FRANCE
5206051,1956,60,M,UA,00914,WT,Pleasure,"",Air,FRANCE,FRANCE
1351033,1965,51,M,SK,00901,WT,Pleasure,"",Air,FRANCE,FRANCE
5428448,1955,61,M,DL,00033,B2,Pleasure,PRS,Air,FRANCE,FRANCE
1564821,1944,72,F,UA,00914,WT,Pleasure,"",Air,FRANCE,FRANCE
1977165,1968,48,M,KL,00621,WB,Business,"",Air,FRANCE,FRANCE
630827,1985,31,M,"",LAND,WT,Pleasure,"",Land,FRANCE,FRANCE
636324,1999,17,F,AA,00041,WT,Pleasure,"",Air,FRANCE,FRANCE
2307913,1975,41,M,DL,00125,WT,Pleasure,"",Air,FRANCE,FRANCE
1570667,1952,64,F,AF,00144,WT,Pleasure,"",Air,FRANCE,FRANCE
5020014,1975,41,"",AA,02732,WT,Pleasure,"",Air,FRANCE,FRANCE
3095246,1967,49,M,Y4,00956,WB,Business,"",Air,FRANCE,FRANCE
1566033,1998,18,M,KL,00643,WT,Pleasure,"",Air,FRANCE,FRANCE
3655992,1980,36,M,BA,00175,WT,Pleasure,"",Air,FRANCE,FRANCE
3656427,1948,68,"",AF,00008,WT,Pleasure,"",Air,FRANCE,FRANCE
2308338,1958,58,M,DL,00021,WT,Pleasure,"",Air,FRANCE,FRANCE
442028,1969,47,M,AA,00063,WT,Pleasure,"",Air,FRANCE,FRANCE
3838865,1983,33,M,DL,00472,B2,Pleasure,PRS,Air,FRANCE,BRAZIL
5206668,1949,67,F,AF,00012,WB,Business,"",Air,FRANCE,FRANCE
2882086,1995,21,F,DL,00047,WT,Pleasure,"",Air,FRANCE,FRANCE
2884981,1966,50,M,AF,00084,WB,Business,"",Air,FRANCE,FRANCE
1782990,1960,56,M,SE,00070,WT,Pleasure,"",Air,FRANCE,FRANCE
442884,1971,45,M,AF,00084,WB,Business,"",Air,FRANCE,FRANCE
2673594,1986,30,F,AF,00012,WT,Pleasure,"",Air,FRANCE,FRANCE
2486203,2002,14,F,AA,00045,WT,Pleasure,"",Air,FRANCE,FRANCE
3837135,1972,44,M,AF,00090,WT,Pleasure,"",Air,FRANCE,FRANCE
2884459,1980,36,F,AA,00041,WT,Pleasure,"",Air,FRANCE,FRANCE
3835875,1985,31,F,BA,08005,WT,Pleasure,"",Air,FRANCE,FRANCE
991350,1959,57,"",AA,01536,WT,Pleasure,"",Air,FRANCE,FRANCE
5429364,1960,56,"",AF,00090,WT,Pleasure,"",Air,FRANCE,FRANCE
441018,2010,6,M,BA,00275,WT,Pleasure,"",Air,FRANCE,FRANCE
1355619,2001,15,M,AF,00090,WT,Pleasure,"",Air,FRANCE,FRANCE
5018908,1956,60,M,RV,01606,WT,Pleasure,"",Air,FRANCE,FRANCE
2883298,1977,39,M,AF,00090,WT,Pleasure,"",Air,FRANCE,FRANCE
45531,1960,56,"",KL,00611,WT,Pleasure,"",Air,CZECH REPUBLIC,CZECH REPUBLIC
1817106,1975,41,M,DL,00099,WB,Business,"",Air,CZECH REPUBLIC,CZECH REPUBLIC
2012102,1976,40,"",DL,00127,WB,Business,"",Air,CZECH REPUBLIC,CZECH REPUBLIC
216657,1962,54,F,2D,00406,B2,Pleasure,CRS,Air,VENEZUELA,VENEZUELA
4469436,1953,63,F,AV,00342,B2,Pleasure,LMA,Air,PERU,PERU
2301889,1966,50,M,LA,02514,B2,Pleasure,LMA,Air,PERU,PERU
2870032,1954,62,M,NK,00978,B2,Pleasure,LMA,Air,PERU,PERU
5899181,1977,39,M,*GA,N137W,B1,Business,CRS,Air,VENEZUELA,VENEZUELA
3481574,1962,54,F,UA,01045,B1,Business,CRS,Air,VENEZUELA,VENEZUELA
2147566,1985,31,F,LA,02510,B2,Pleasure,LMA,Air,PERU,PERU
2477529,1984,32,M,9V,01220,B2,Pleasure,CRS,Air,VENEZUELA,VENEZUELA
5415601,1999,17,F,S3,01515,B2,Pleasure,CRS,Air,VENEZUELA,VENEZUELA
624009,1943,73,F,UA,01045,B2,Pleasure,CRS,Air,VENEZUELA,VENEZUELA
2869687,1983,33,F,AA,01250,B2,Pleasure,LMA,Air,PERU,CAYMAN ISLANDS
4248046,1939,77,F,AA,00968,B2,Pleasure,CRS,Air,VENEZUELA,VENEZUELA
5655662,1977,39,F,2D,00406,B2,Pleasure,CRS,Air,VENEZUELA,VENEZUELA
1969525,1947,69,M,LA,02510,B2,Pleasure,LMA,Air,PERU,PERU
215616,1961,55,M,DL,00150,B2,Pleasure,LMA,Air,PERU,PERU
1344231,1972,44,M,UA,01045,B2,Pleasure,CRS,Air,VENEZUELA,VENEZUELA
1772879,1986,30,M,"",LAND,B2,Pleasure,CRS,Land,VENEZUELA,VENEZUELA
3826085,1945,71,F,DL,00150,B2,Pleasure,LMA,Air,PERU,PERU
3481453,1957,59,M,ARU,821,B2,Pleasure,"",Air,VENEZUELA,VENEZUELA
3078710,1953,63,F,S3,01525,B2,Pleasure,CRS,Air,VENEZUELA,VENEZUELA
2302459,1982,34,F,2D,00406,B2,Pleasure,CRS,Air,VENEZUELA,VENEZUELA
4013399,1980,36,F,B6,00950,B2,Pleasure,GEO,Air,GUYANA,GUYANA
1056530,1995,21,F,DL,00554,B2,Pleasure,NSS,Air,BAHAMAS,BAHAMAS
3914231,1986,30,M,AA,00288,B2,Pleasure,NSS,Air,BAHAMAS,BAHAMAS
2759806,1992,24,F,UP,237,B2,Pleasure,"",Air,BAHAMAS,BAHAMAS
888522,1955,61,"",B6,02316,B2,Pleasure,"",Air,BAHAMAS,BAHAMAS
5291768,1991,25,M,QR,00739,B2,Pleasure,DOH,Air,QATAR,QATAR
2209495,1971,45,M,AA,731,B1,Business,DHK,Air,BANGLADESH,BANGLADESH
2048872,1963,53,M,EK,00231,B1,Business,DUB,Air,BANGLADESH,UNITED ARAB EMIRATES
2466971,1973,43,"",AD,08704,B2,Pleasure,"",Air,BRAZIL,BRAZIL
2139030,1976,40,"",AA,00962,B2,Pleasure,"",Air,BRAZIL,BRAZIL
4462449,1990,26,F,DL,00196,B2,Pleasure,SPL,Air,BRAZIL,BRAZIL
2863583,2006,10,F,JJ,08094,B2,Pleasure,SPL,Air,BRAZIL,BRAZIL
4842142,1982,34,M,DL,00196,B2,Pleasure,RDJ,Air,BRAZIL,BRAZIL
2655122,1958,58,M,CM,00302,B2,Pleasure,SPL,Air,BRAZIL,BRAZIL
2653900,1973,43,M,AA,00992,B1,Business,RDJ,Air,BRAZIL,BRAZIL
2295923,1977,39,F,AD,08704,B2,Pleasure,SPL,Air,BRAZIL,BRAZIL
2859612,1993,23,F,AA,00214,B2,Pleasure,BRA,Air,BRAZIL,BRAZIL
3475529,1986,30,F,JJ,08094,B2,Pleasure,SPL,Air,BRAZIL,BRAZIL
3639514,1970,46,M,AA,00964,B2,Pleasure,RDJ,Air,BRAZIL,BRAZIL
4459037,1977,39,M,AD,08706,B2,Pleasure,BRA,Air,BRAZIL,BRAZIL
4017499,2010,6,M,CM,00226,B2,Pleasure,BRA,Air,BRAZIL,BRAZIL
1143832,1983,33,F,AA,00274,B2,Pleasure,RCF,Air,BRAZIL,BRAZIL
2652805,1981,35,M,DL,00060,B2,Pleasure,RDJ,Air,BRAZIL,BRAZIL
4842948,1986,30,F,AD,08704,B2,Pleasure,SPL,Air,BRAZIL,BRAZIL
1960284,1953,63,"",DL,00472,B2,Pleasure,"",Air,BRAZIL,BRAZIL
2139998,1950,66,M,CM,00265,B2,Pleasure,RDJ,Air,BRAZIL,BRAZIL
4236787,1987,29,M,AA,00964,B2,Pleasure,RCF,Air,BRAZIL,BRAZIL
3640076,1981,35,F,AD,08704,B2,Pleasure,SPL,Air,BRAZIL,BRAZIL
2469865,1979,37,F,JJ,08086,B2,Pleasure,SPL,Air,BRAZIL,BRAZIL
5886229,1942,74,M,AD,08704,B2,Pleasure,BRA,Air,BRAZIL,BRAZIL
1334404,1974,42,F,AA,00230,B2,Pleasure,BRA,Air,BRAZIL,BRAZIL
2656268,1984,32,M,AA,00930,B2,Pleasure,SPL,Air,BRAZIL,BRAZIL
2293512,1962,54,"",AA,00974,B2,Pleasure,"",Air,BRAZIL,BRAZIL
2142356,1970,46,M,JJ,08092,B2,Pleasure,SPL,Air,BRAZIL,BRAZIL
3069265,1963,53,F,DL,00104,B2,Pleasure,SPL,Air,BRAZIL,BRAZIL
3071228,1995,21,F,JJ,08094,B2,Pleasure,SPL,Air,BRAZIL,BRAZIL
1964434,1974,42,F,AA,00930,B2,Pleasure,SPL,Air,BRAZIL,BRAZIL
2468972,1991,25,M,AA,00962,B1,Business,SPL,Air,BRAZIL,BRAZIL
5002887,1971,45,M,AA,00974,B2,Pleasure,RDJ,Air,BRAZIL,BRAZIL
2859914,1966,50,M,AA,00214,B2,Pleasure,RCF,Air,BRAZIL,BRAZIL
5646741,1983,33,M,JJ,08094,B2,Pleasure,RDJ,Air,BRAZIL,BRAZIL
811826,1962,54,"",AY,00005,WB,Business,"",Air,"",LITHUANIA
867033,1964,52,M,BA,00283,B2,Pleasure,NCS,Air,CYPRUS,CYPRUS
691843,1986,30,F,BA,00175,B1,Business,LND,Air,CYPRUS,UNITED KINGDOM
4471633,1981,35,"",LH,00400,WT,Pleasure,"",Air,"",LITHUANIA
3079773,1962,54,M,AY,00005,B2,Pleasure,VIL,Air,"",LITHUANIA
2343856,1971,45,M,WK,00006,B2,Pleasure,SAR,Air,BOSNIA-HERZEGOVINA,BOSNIA-HERZEGOVINA
5008746,1945,71,F,EQ,00550,B2,Pleasure,QTO,Air,ECUADOR,ECUADOR
3076465,1949,67,F,EQ,00550,B2,Pleasure,QTO,Air,ECUADOR,ECUADOR
5653283,1954,62,F,AA,00948,B2,Pleasure,GYQ,Air,ECUADOR,ECUADOR
1553590,1944,72,F,AA,00902,B2,Pleasure,"",Air,ECUADOR,ECUADOR
1553520,2015,1,F,EQ,550,B2,Pleasure,GYQ,Air,ECUADOR,ECUADOR
5653917,1936,80,F,AM,00682,B2,Pleasure,QTO,Air,ECUADOR,ECUADOR
621527,1963,53,M,AV,20,B2,Pleasure,"",Air,ECUADOR,ECUADOR
5411783,1985,31,F,KE,00011,B2,Pleasure,GYQ,Air,ECUADOR,ECUADOR
428602,2015,1,M,EQ,00550,B2,Pleasure,QTO,Air,ECUADOR,ECUADOR
2751431,2002,14,M,BA,00067,B2,Pleasure,NRB,Air,KENYA,KENYA
4422636,1990,26,M,*GA,XBLNG,B2,Pleasure,MTR,Air,"MEXICO Air Sea, and Not Reported (I-94, no land arrivals)","MEXICO Air Sea, and Not Reported (I-94, no land arrivals)"
2826530,1974,42,F,Y4,00930,B2,Pleasure,MEX,Air,"MEXICO Air Sea, and Not Reported (I-94, no land arrivals)","MEXICO Air Sea, and Not Reported (I-94, no land arrivals)"
5835717,1981,35,F,AA,01498,B2,Pleasure,MEX,Air,"MEXICO Air Sea, and Not Reported (I-94, no land arrivals)","MEXICO Air Sea, and Not Reported (I-94, no land arrivals)"
4805034,1976,40,F,UA,01085,B1,Business,MEX,Air,"MEXICO Air Sea, and Not Reported (I-94, no land arrivals)","MEXICO Air Sea, and Not Reported (I-94, no land arrivals)"
3599863,1974,42,F,WN,02831,F1,Student,MEX,Air,"MEXICO Air Sea, and Not Reported (I-94, no land arrivals)","MEXICO Air Sea, and Not Reported (I-94, no land arrivals)"
4969309,1943,73,M,EV,05510,B2,Pleasure,MEX,Air,"MEXICO Air Sea, and Not Reported (I-94, no land arrivals)","MEXICO Air Sea, and Not Reported (I-94, no land arrivals)"
935114,1977,39,F,Y4,00966,B2,Pleasure,MEX,Air,"MEXICO Air Sea, and Not Reported (I-94, no land arrivals)","MEXICO Air Sea, and Not Reported (I-94, no land arrivals)"
4407381,1952,64,M,Y4,00966,B2,Pleasure,MEX,Air,"MEXICO Air Sea, and Not Reported (I-94, no land arrivals)","MEXICO Air Sea, and Not Reported (I-94, no land arrivals)"
4406725,1941,75,M,UA,01089,B2,Pleasure,MEX,Air,"MEXICO Air Sea, and Not Reported (I-94, no land arrivals)","MEXICO Air Sea, and Not Reported (I-94, no land arrivals)"
1496112,1950,66,F,AM,02682,B2,Pleasure,MEX,Air,"MEXICO Air Sea, and Not Reported (I-94, no land arrivals)","MEXICO Air Sea, and Not Reported (I-94, no land arrivals)"
1936298,1986,30,M,*GA,N104B,B1,Business,NVL,Air,"MEXICO Air Sea, and Not Reported (I-94, no land arrivals)","MEXICO Air Sea, and Not Reported (I-94, no land arrivals)"
5136021,1972,44,M,4O,2960,B1,Business,"",Air,"MEXICO Air Sea, and Not Reported (I-94, no land arrivals)","MEXICO Air Sea, and Not Reported (I-94, no land arrivals)"
4806300,1997,19,M,AM,00434,B2,Pleasure,MEX,Air,"MEXICO Air Sea, and Not Reported (I-94, no land arrivals)","MEXICO Air Sea, and Not Reported (I-94, no land arrivals)"
4187631,1939,77,M,WN,01810,B2,Pleasure,MEX,Air,"MEXICO Air Sea, and Not Reported (I-94, no land arrivals)","MEXICO Air Sea, and Not Reported (I-94, no land arrivals)"
4210478,1958,58,M,Y4,00900,B2,Pleasure,NVL,Air,"MEXICO Air Sea, and Not Reported (I-94, no land arrivals)","MEXICO Air Sea, and Not Reported (I-94, no land arrivals)"
5826788,1997,19,M,Y4,00960,B2,Pleasure,GDL,Air,"MEXICO Air Sea, and Not Reported (I-94, no land arrivals)","MEXICO Air Sea, and Not Reported (I-94, no land arrivals)"
4178297,1943,73,M,UA,05623,B2,Pleasure,GDL,Air,"MEXICO Air Sea, and Not Reported (I-94, no land arrivals)","MEXICO Air Sea, and Not Reported (I-94, no land arrivals)"
5832309,1935,81,F,Y4,00982,B2,Pleasure,MEX,Air,"MEXICO Air Sea, and Not Reported (I-94, no land arrivals)","MEXICO Air Sea, and Not Reported (I-94, no land arrivals)"
3442997,1986,30,F,AM,00434,B2,Pleasure,MTM,Air,"MEXICO Air Sea, and Not Reported (I-94, no land arrivals)","MEXICO Air Sea, and Not Reported (I-94, no land arrivals)"
3765424,1938,78,M,AM,00698,B2,Pleasure,"",Air,"MEXICO Air Sea, and Not Reported (I-94, no land arrivals)","MEXICO Air Sea, and Not Reported (I-94, no land arrivals)"
4800385,1975,41,M,DL,00331,B1,Business,GDL,Air,"MEXICO Air Sea, and Not Reported (I-94, no land arrivals)","MEXICO Air Sea, and Not Reported (I-94, no land arrivals)"
2635148,1987,29,M,Y4,00930,B2,Pleasure,MTR,Air,"MEXICO Air Sea, and Not Reported (I-94, no land arrivals)","MEXICO Air Sea, and Not Reported (I-94, no land arrivals)"
2258431,1983,33,F,AM,00434,B1,Business,MER,Air,"MEXICO Air Sea, and Not Reported (I-94, no land arrivals)","MEXICO Air Sea, and Not Reported (I-94, no land arrivals)"
4406370,1985,31,F,Y4,00994,B2,Pleasure,MEX,Air,"MEXICO Air Sea, and Not Reported (I-94, no land arrivals)","MEXICO Air Sea, and Not Reported (I-94, no land arrivals)"
1498315,1976,40,F,Y4,00976,B2,Pleasure,MEX,Air,"MEXICO Air Sea, and Not Reported (I-94, no land arrivals)","MEXICO Air Sea, and Not Reported (I-94, no land arrivals)"
4616564,1984,32,F,AM,00436,B2,Pleasure,MEX,Air,"MEXICO Air Sea, and Not Reported (I-94, no land arrivals)","MEXICO Air Sea, and Not Reported (I-94, no land arrivals)"
2424686,2000,16,M,Y4,998,B2,Pleasure,"",Air,"MEXICO Air Sea, and Not Reported (I-94, no land arrivals)","MEXICO Air Sea, and Not Reported (I-94, no land arrivals)"
3253815,1985,31,M,4O,00970,B2,Pleasure,MTR,Air,"MEXICO Air Sea, and Not Reported (I-94, no land arrivals)","MEXICO Air Sea, and Not Reported (I-94, no land arrivals)"
3599914,1986,30,M,UA,01567,B1,Business,MEX,Air,"MEXICO Air Sea, and Not Reported (I-94, no land arrivals)","MEXICO Air Sea, and Not Reported (I-94, no land arrivals)"
2107301,1972,44,M,DL,00366,B1,Business,MTM,Air,"MEXICO Air Sea, and Not Reported (I-94, no land arrivals)","MEXICO Air Sea, and Not Reported (I-94, no land arrivals)"
157256,1970,46,F,AM,00642,B2,Pleasure,MEX,Air,"MEXICO Air Sea, and Not Reported (I-94, no land arrivals)","MEXICO Air Sea, and Not Reported (I-94, no land arrivals)"
5827765,1957,59,F,Y4,00902,B2,Pleasure,GDL,Air,"MEXICO Air Sea, and Not Reported (I-94, no land arrivals)","MEXICO Air Sea, and Not Reported (I-94, no land arrivals)"
751810,1980,36,M,Y4,00990,B2,Pleasure,GDL,Air,"MEXICO Air Sea, and Not Reported (I-94, no land arrivals)","MEXICO Air Sea, and Not Reported (I-94, no land arrivals)"
1721456,1988,28,M,CP,05776,B1,Business,MTR,Air,"MEXICO Air Sea, and Not Reported (I-94, no land arrivals)","MEXICO Air Sea, and Not Reported (I-94, no land arrivals)"
4804280,1993,23,F,Y4,00892,B2,Pleasure,MEX,Air,"MEXICO Air Sea, and Not Reported (I-94, no land arrivals)","MEXICO Air Sea, and Not Reported (I-94, no land arrivals)"
5827717,1960,56,M,Y4,00992,B2,Pleasure,GDL,Air,"MEXICO Air Sea, and Not Reported (I-94, no land arrivals)","MEXICO Air Sea, and Not Reported (I-94, no land arrivals)"
155381,1984,32,M,DL,00331,B2,Pleasure,MEX,Air,"MEXICO Air Sea, and Not Reported (I-94, no land arrivals)","MEXICO Air Sea, and Not Reported (I-94, no land arrivals)"
2814946,1965,51,F,AM,00780,B2,Pleasure,CDJ,Air,"MEXICO Air Sea, and Not Reported (I-94, no land arrivals)","MEXICO Air Sea, and Not Reported (I-94, no land arrivals)"
169126,1988,28,F,4O,00970,B2,Pleasure,MTR,Air,"MEXICO Air Sea, and Not Reported (I-94, no land arrivals)","MEXICO Air Sea, and Not Reported (I-94, no land arrivals)"
5835261,2001,15,M,DL,00310,B2,Pleasure,MEX,Air,"MEXICO Air Sea, and Not Reported (I-94, no land arrivals)","MEXICO Air Sea, and Not Reported (I-94, no land arrivals)"
3434626,1946,70,M,Y4,00946,B2,Pleasure,GDL,Air,"MEXICO Air Sea, and Not Reported (I-94, no land arrivals)","MEXICO Air Sea, and Not Reported (I-94, no land arrivals)"
5591745,1986,30,F,AM,00412,B2,Pleasure,MEX,Air,"MEXICO Air Sea, and Not Reported (I-94, no land arrivals)","MEXICO Air Sea, and Not Reported (I-94, no land arrivals)"
3017841,1985,31,F,Y4,00966,B2,Pleasure,MEX,Air,"MEXICO Air Sea, and Not Reported (I-94, no land arrivals)","MEXICO Air Sea, and Not Reported (I-94, no land arrivals)"
5834016,1967,49,F,Y4,00966,B2,Pleasure,MEX,Air,"MEXICO Air Sea, and Not Reported (I-94, no land arrivals)","MEXICO Air Sea, and Not Reported (I-94, no land arrivals)"
561992,1988,28,M,Y4,940,B2,Pleasure,"",Air,"MEXICO Air Sea, and Not Reported (I-94, no land arrivals)","MEXICO Air Sea, and Not Reported (I-94, no land arrivals)"
5365953,1984,32,M,UA,04429,B2,Pleasure,MTM,Air,"MEXICO Air Sea, and Not Reported (I-94, no land arrivals)","MEXICO Air Sea, and Not Reported (I-94, no land arrivals)"
934333,1987,29,M,WN,02831,B2,Pleasure,MEX,Air,"MEXICO Air Sea, and Not Reported (I-94, no land arrivals)","MEXICO Air Sea, and Not Reported (I-94, no land arrivals)"
594975,1965,51,M,AA,01686,B2,Pleasure,NVL,Air,"MEXICO Air Sea, and Not Reported (I-94, no land arrivals)","MEXICO Air Sea, and Not Reported (I-94, no land arrivals)"
3029600,1976,40,M,CP,05746,B2,Pleasure,MTR,Air,"MEXICO Air Sea, and Not Reported (I-94, no land arrivals)","MEXICO Air Sea, and Not Reported (I-94, no land arrivals)"
2825582,1979,37,M,AM,00420,B2,Pleasure,MEX,Air,"MEXICO Air Sea, and Not Reported (I-94, no land arrivals)","MEXICO Air Sea, and Not Reported (I-94, no land arrivals)"
5358837,1967,49,M,AM,00418,B2,Pleasure,MEX,Air,"MEXICO Air Sea, and Not Reported (I-94, no land arrivals)","MEXICO Air Sea, and Not Reported (I-94, no land arrivals)"
930868,1974,42,M,UA,01567,B2,Pleasure,GDL,Air,"MEXICO Air Sea, and Not Reported (I-94, no land arrivals)","MEXICO Air Sea, and Not Reported (I-94, no land arrivals)"
2264857,1981,35,M,EV,05510,B1,Business,MTR,Air,"MEXICO Air Sea, and Not Reported (I-94, no land arrivals)","MEXICO Air Sea, and Not Reported (I-94, no land arrivals)"
3380572,1993,23,M,UA,180,M1,Student,"",Air,VIETNAM,VIETNAM
513779,1983,33,F,UA,00872,WT,Pleasure,"",Air,TAIWAN,TAIWAN
3178503,1968,48,M,CI,00006,WT,Pleasure,"",Air,TAIWAN,TAIWAN
5759722,1991,25,M,BR,00002,WT,Pleasure,"",Air,TAIWAN,TAIWAN
879820,1980,36,F,DL,00296,WT,Pleasure,"",Air,TAIWAN,TAIWAN
513953,1997,19,M,BR,00012,F1,Student,TAI,Air,TAIWAN,TAIWAN
2209111,1990,26,F,UA,00872,F1,Student,TAI,Air,TAIWAN,TAIWAN
1858517,1991,25,F,UA,00872,WT,Pleasure,"",Air,TAIWAN,TAIWAN
5760102,1979,37,M,BR,00018,WB,Business,"",Air,TAIWAN,TAIWAN
3547150,1976,40,M,BR,00016,WT,Pleasure,"",Air,TAIWAN,TAIWAN
1422091,1923,93,F,BR,00018,WT,Pleasure,"",Air,TAIWAN,TAIWAN
4337016,1979,37,F,DL,00962,WT,Pleasure,"",Air,TAIWAN,TAIWAN
2948769,1964,52,F,CI,00008,WT,Pleasure,"",Air,TAIWAN,TAIWAN
1225506,1982,34,F,BR,00028,WT,Pleasure,"",Air,TAIWAN,TAIWAN
5512209,1974,42,F,BR,00028,WB,Business,"",Air,TAIWAN,TAIWAN
5287221,1991,25,M,"",LAND,B2,Pleasure,CLG,Land,PAKISTAN,PAKISTAN
510204,1957,59,M,TK,5,B2,Pleasure,"",Air,PAKISTAN,PAKISTAN
2371488,1952,64,F,EK,00235,B2,Pleasure,KRC,Air,PAKISTAN,PAKISTAN
1044320,1987,29,F,QR,00701,B2,Pleasure,ISL,Air,PAKISTAN,PAKISTAN
4106787,1990,26,F,QR,00707,F2,Student,ISL,Air,PAKISTAN,PAKISTAN
3174311,1970,46,F,QR,00713,B2,Pleasure,KDU,Air,NEPAL,NEPAL
514906,1955,61,F,KE,00093,B1,Business,ULN,Air,MONGOLIA,MONGOLIA
2495693,1982,34,"",S3,01515,WB,Business,"",Air,ITALY,ITALY
2892078,1999,17,"","",00419,WT,Pleasure,"",Land,ITALY,ITALY
3845208,1982,34,"",AA,00992,WT,Pleasure,"",Air,ITALY,ITALY
13826,1972,44,M,AF,00688,WB,Business,"",Air,ITALY,ITALY
354216,1990,26,M,UA,01423,B2,Pleasure,MNG,Air,NICARAGUA,NICARAGUA
5135218,1966,50,F,AA,00928,B2,Pleasure,MNG,Air,NICARAGUA,NICARAGUA
3664296,1986,30,"",AD,08704,WT,Pleasure,"",Air,ITALY,BRAZIL
235326,1963,53,M,LH,00452,WT,Pleasure,"",Air,ITALY,ITALY
235947,1967,49,F,LH,00490,WT,Pleasure,"",Air,ITALY,ITALY
1362272,1980,36,M,AA,216,WT,Pleasure,"",Air,ITALY,BRAZIL
3426228,1998,18,F,AA,00994,B2,Pleasure,MNG,Air,NICARAGUA,NICARAGUA
4267184,1972,44,F,AA,95,WT,Pleasure,"",Air,ITALY,SPAIN
4487041,1949,67,M,BA,00283,WT,Pleasure,"",Air,ITALY,ITALY
1577711,1998,18,F,AB,07450,WT,Pleasure,"",Air,ITALY,SWITZERLAND
2683469,1975,41,M,BA,00275,WB,Business,"",Air,ITALY,ITALY
641842,1991,25,F,LH,00410,WT,Pleasure,"",Air,ITALY,ITALY
6019750,1977,39,F,"","",WT,Pleasure,"",Not reported,ITALY,UNITED KINGDOM
824863,1968,48,M,LH,00402,WB,Business,"",Air,ITALY,ITALY
1577932,1981,35,F,B6,00038,WT,Pleasure,"",Air,ITALY,COSTA RICA
642558,1973,43,"",AZ,00630,WT,Pleasure,"",Air,ITALY,ITALY
5433584,1951,65,M,LH,00490,WT,Pleasure,"",Air,ITALY,ITALY
1360834,1978,38,"",TK,00001,WT,Pleasure,"",Air,ITALY,ITALY
5429441,1993,23,F,"",LAND,WT,Pleasure,"",Land,GERMANY,GERMANY
2920807,1985,31,M,NH,00178,WB,Business,"",Air,SINGAPORE,SINGAPORE
3140598,1976,40,"",NH,00178,WB,Business,"",Air,SINGAPORE,SINGAPORE
5252446,1966,50,F,EK,00207,WT,Pleasure,"",Air,SINGAPORE,SINGAPORE
5471104,1939,77,M,BR,00026,WT,Pleasure,"",Air,SINGAPORE,SINGAPORE
4032526,1998,18,F,LH,00420,B2,Pleasure,KRK,Air,POLAND,POLAND
512308,1950,66,F,CX,00846,B2,Pleasure,BNK,Air,THAILAND,THAILAND
81344,1971,45,F,QR,00707,B2,Pleasure,BNK,Air,THAILAND,THAILAND
1046624,1961,55,M,CX,00884,B2,Pleasure,BNK,Air,THAILAND,THAILAND
1421234,1966,50,M,BR,00032,B2,Pleasure,CHN,Air,THAILAND,THAILAND
1046737,1959,57,F,"",00028,B2,Pleasure,BNK,Land,THAILAND,THAILAND
1420768,1972,44,M,CX,00880,B2,Pleasure,BNK,Air,THAILAND,THAILAND
628369,1961,55,F,LO,00026,B2,Pleasure,WRW,Air,POLAND,POLAND
2876316,1959,57,M,KL,00611,B2,Pleasure,WRW,Air,POLAND,POLAND
5510883,1977,39,F,KE,00081,B2,Pleasure,BNK,Air,THAILAND,THAILAND
1777652,1965,51,F,LH,00430,B1,Business,WRW,Air,POLAND,POLAND
4231176,1948,68,"",AA,02179,B2,Pleasure,"",Air,HAITI,HAITI
4231640,1980,36,F,UA,01484,B2,Pleasure,SDO,Air,HAITI,HAITI
3468375,1975,41,M,7I,00904,B1,Business,PTP,Air,HAITI,HAITI
4668286,1970,46,M,DL,00143,B2,Pleasure,MOS,Air,"",RUSSIA
2873671,1950,66,M,SU,00102,B2,Pleasure,MOS,Air,"",RUSSIA
1346007,1979,37,M,SQ,00062,B1,Business,MOS,Air,"",RUSSIA
3649436,1989,27,F,SU,00100,B2,Pleasure,MOS,Air,"",RUSSIA
5901083,1965,51,M,SU,00102,B2,Pleasure,SPT,Air,"",RUSSIA
4668071,1958,58,F,UA,01694,B2,Pleasure,MOS,Air,"",RUSSIA
4030833,2004,12,M,AY,00005,B2,Pleasure,SPT,Air,"",RUSSIA
3299598,1978,38,M,SU,00106,B2,Pleasure,MOS,Air,"",RUSSIA
1346274,1962,54,M,AF,00054,B1,Business,SPT,Air,"",RUSSIA
1345803,1958,58,"",SU,00102,B2,Pleasure,"",Air,"",RUSSIA
4851069,1982,34,"",SU,00102,B2,Pleasure,"",Air,"",RUSSIA
5011988,1942,74,F,SU,00102,B2,Pleasure,MOS,Air,"",RUSSIA
431930,1982,34,"",SU,00100,B1,Business,"",Air,"",RUSSIA
445587,1989,27,F,KL,00601,WT,Pleasure,"",Air,HUNGARY,ROMANIA
5210254,1991,25,M,LH,00412,WT,Pleasure,"",Air,HUNGARY,HUNGARY
1163269,1978,38,F,DL,00405,WT,Pleasure,"",Air,HUNGARY,HUNGARY
800571,1960,56,M,AR,01304,B2,Pleasure,BNS,Air,ARGENTINA,ARGENTINA
4455709,1997,19,M,AR,01300,B2,Pleasure,BNS,Air,ARGENTINA,ARGENTINA
2138291,1965,51,M,JJ,08090,B2,Pleasure,BNS,Air,ARGENTINA,ARGENTINA
5883463,2006,10,F,AR,01306,B2,Pleasure,BNS,Air,ARGENTINA,ARGENTINA
3814096,1987,29,M,4M,04520,B2,Pleasure,BNS,Air,ARGENTINA,ARGENTINA
3636229,1932,84,F,AR,01302,B2,Pleasure,BNS,Air,ARGENTINA,ARGENTINA
5644410,1985,31,F,UA,01069,B1,Business,BNS,Air,ARGENTINA,COLOMBIA
5000485,1944,72,M,AA,02422,B2,Pleasure,BNS,Air,ARGENTINA,ARGENTINA
969559,1945,71,M,LA,00500,B2,Pleasure,BNS,Air,ARGENTINA,ARGENTINA
3813900,1970,46,F,4M,04520,B2,Pleasure,BNS,Air,ARGENTINA,ARGENTINA
2137931,2012,4,M,AR,01302,B2,Pleasure,BNS,Air,ARGENTINA,ARGENTINA
1330915,1966,50,"",AA,00954,B1,Business,"",Air,ARGENTINA,ARGENTINA
3064434,1968,48,M,AM,00434,B2,Pleasure,BNS,Air,ARGENTINA,ARGENTINA
2292245,2015,1,M,AR,01302,B2,Pleasure,BNS,Air,ARGENTINA,ARGENTINA
1331768,1983,33,M,LA,02604,B2,Pleasure,BNS,Air,ARGENTINA,ARGENTINA
3636527,1970,46,F,YX,04429,B2,Pleasure,BNS,Air,ARGENTINA,ARGENTINA
5882487,2002,14,M,UA,00818,B2,Pleasure,BNS,Air,ARGENTINA,ARGENTINA
5643776,2008,8,F,AR,01302,B2,Pleasure,BNS,Air,ARGENTINA,ARGENTINA
4456287,1984,32,M,AR,01302,B2,Pleasure,BNS,Air,ARGENTINA,ARGENTINA
5402467,2007,9,M,LA,00502,B2,Pleasure,BNS,Air,ARGENTINA,ARGENTINA
1760330,1954,62,M,AR,01304,B2,Pleasure,BNS,Air,ARGENTINA,ARGENTINA
4654865,1972,44,F,LA,02514,B2,Pleasure,BNS,Air,ARGENTINA,ARGENTINA
4756602,2011,5,F,AA,00982,B2,Pleasure,BGN,Air,GRENADA,GRENADA
5097572,1981,35,F,B6,00060,B2,Pleasure,KNG,Air,JAMAICA,JAMAICA
5469766,1971,45,F,TK,00077,B2,Pleasure,KEV,Air,UKRAINE,UKRAINE
5097840,1981,35,M,AA,00958,B2,Pleasure,KNG,Air,JAMAICA,JAMAICA
2216875,1953,63,F,BW,00031,B2,Pleasure,KNG,Air,JAMAICA,JAMAICA
5771544,1983,33,M,WN,907,F1,Student,"",Air,JAMAICA,JAMAICA
243918,1944,72,M,RS,07597,WB,Business,"",Air,SWEDEN,SWEDEN
650850,1950,66,M,KL,00621,WT,Pleasure,"",Air,SWEDEN,SWEDEN
3111179,1964,52,M,SK,00907,WT,Pleasure,"",Air,SWEDEN,NORWAY
3502393,1966,50,M,BA,00209,WT,Pleasure,"",Air,SWEDEN,SWEDEN
5034128,1984,32,F,DY,07015,WT,Pleasure,"",Air,SWEDEN,SWEDEN
2323011,1960,56,M,SK,00903,WT,Pleasure,"",Air,SWEDEN,SWEDEN
4498036,1977,39,F,SK,00925,WB,Business,"",Air,SWEDEN,SWEDEN
1173719,1989,27,F,SK,00903,WT,Pleasure,"",Air,SWEDEN,SWEDEN
3112694,1972,44,M,SK,00945,WB,Business,"",Air,SWEDEN,SWEDEN
2165928,1981,35,F,SK,00903,WT,Pleasure,"",Air,SWEDEN,SWEDEN
5688796,1961,55,F,SK,00939,WB,Business,"",Air,SWEDEN,SWEDEN
243257,1972,44,F,DL,00047,WT,Pleasure,"",Air,SWEDEN,SWEDEN
5687991,1963,53,F,SK,00907,WT,Pleasure,"",Air,SWEDEN,SWEDEN
3326716,1966,50,F,AA,00101,WT,Pleasure,"",Air,SWEDEN,SWEDEN
2693162,1962,54,F,DY,07067,WT,Pleasure,"",Air,SWEDEN,SWEDEN
1799852,1960,56,F,DY,07011,WT,Pleasure,"",Air,SWEDEN,SWEDEN
1369267,1982,34,M,SK,00939,WT,Pleasure,"",Air,SWEDEN,SWEDEN
4693164,1976,40,M,SK,00935,WB,Business,"",Air,SWEDEN,SWEDEN
3501748,1965,51,F,SK,00903,WT,Pleasure,"",Air,SWEDEN,SWEDEN
3293058,1974,42,M,AV,00030,B1,Business,BGT,Air,COLOMBIA,COLOMBIA
4243216,1982,34,F,AV,00020,B2,Pleasure,BGT,Air,COLOMBIA,COLOMBIA
4025365,1936,80,F,AA,00916,B2,Pleasure,BGT,Air,COLOMBIA,COLOMBIA
2473547,1953,63,M,LA,03502,B1,Business,BGT,Air,COLOMBIA,COLOMBIA
4024419,1959,57,F,AV,00244,B2,Pleasure,BGT,Air,COLOMBIA,COLOMBIA
5651108,1949,67,F,AV,00206,B2,Pleasure,BGT,Air,COLOMBIA,COLOMBIA
2867437,2012,4,M,AV,00030,B2,Pleasure,BGT,Air,COLOMBIA,COLOMBIA
1768810,1987,29,M,AV,00522,B2,Pleasure,BGT,Air,COLOMBIA,COLOMBIA
1339481,1945,71,"",AV,00020,B2,Pleasure,"",Air,COLOMBIA,COLOMBIA
211561,1983,33,M,AA,01130,B1,Business,SYD,Air,COLOMBIA,AUSTRALIA
2865828,1977,39,M,UA,01069,B2,Pleasure,BGT,Air,COLOMBIA,COLOMBIA
2865787,1947,69,M,AA,01122,B1,Business,BGT,Air,COLOMBIA,COLOMBIA
4243068,2003,13,F,UA,01008,B2,Pleasure,BGT,Air,COLOMBIA,COLOMBIA
2658696,1990,26,F,CM,00830,B2,Pleasure,BGT,Air,COLOMBIA,COLOMBIA
5892575,1972,44,M,DL,00982,B2,Pleasure,BGT,Air,COLOMBIA,COLOMBIA
3292986,1976,40,F,AA,00916,B2,Pleasure,BGT,Air,COLOMBIA,COLOMBIA
1643294,1983,33,M,DL,00616,B1,Business,KLL,Air,MALAYSIA,MALAYSIA
2751598,1985,31,"",EK,00203,B2,Pleasure,"",Air,NIGERIA,NIGERIA
1540610,1979,37,M,B6,00836,B2,Pleasure,SDO,Air,DOMINICAN REPUBLIC,DOMINICAN REPUBLIC
5514177,2013,3,M,EK,00211,F2,Student,ABU,Air,NIGERIA,NIGERIA
3811781,1948,68,M,AA,00505,B2,Pleasure,SDO,Air,DOMINICAN REPUBLIC,DOMINICAN REPUBLIC
3179870,1981,35,M,DL,00616,B1,Business,KLL,Air,MALAYSIA,MALAYSIA
5640026,1972,44,F,B6,00836,B2,Pleasure,SDO,Air,DOMINICAN REPUBLIC,DOMINICAN REPUBLIC
4749124,1978,38,M,UA,00143,B2,Pleasure,ABU,Air,NIGERIA,NIGERIA
5292921,1972,44,M,EK,00211,B2,Pleasure,LGS,Air,NIGERIA,NIGERIA
5762766,1969,47,M,W3,00107,B2,Pleasure,LGS,Air,NIGERIA,NIGERIA
1230572,2012,4,F,QF,00015,WT,Pleasure,"",Air,AUSTRALIA,AUSTRALIA
2955388,1970,46,"",UA,00595,WB,Business,"",Air,AUSTRALIA,AUSTRALIA
2053392,1988,28,"",NZ,00006,WT,Pleasure,"",Air,AUSTRALIA,AUSTRALIA
2755321,1987,29,"",UA,01653,WT,Pleasure,"",Air,AUSTRALIA,AUSTRALIA
5092679,2015,1,M,UA,00099,WT,Pleasure,"",Air,AUSTRALIA,AUSTRALIA
3722852,1944,72,"",QF,00011,WT,Pleasure,"",Air,AUSTRALIA,AUSTRALIA
2051330,1985,31,"",QF,00007,WT,Pleasure,"",Air,AUSTRALIA,AUSTRALIA
2378019,1946,70,F,QF,00003,WT,Pleasure,"",Air,AUSTRALIA,AUSTRALIA
1864244,2005,11,M,QF,00017,WT,Pleasure,"",Air,AUSTRALIA,AUSTRALIA
3552753,1992,24,M,"",LAND,WT,Pleasure,"",Land,AUSTRALIA,AUSTRALIA
1863656,1971,45,M,QF,15,B2,Pleasure,"",Air,AUSTRALIA,AUSTRALIA
4116633,1992,24,M,QF,00073,WT,Pleasure,"",Air,AUSTRALIA,AUSTRALIA
2053904,1964,52,M,QF,00011,WT,Pleasure,"",Air,AUSTRALIA,AUSTRALIA
1649166,1961,55,M,UA,00840,WT,Pleasure,"",Air,AUSTRALIA,AUSTRALIA
1428778,1966,50,F,QF,11,WT,Pleasure,"",Air,AUSTRALIA,AUSTRALIA
2955651,1992,24,M,UA,00840,B2,Pleasure,SYD,Air,AUSTRALIA,AUSTRALIA
87211,1968,48,M,QF,00007,WT,Pleasure,"",Air,AUSTRALIA,AUSTRALIA
2378775,1982,34,M,UA,00840,WT,Pleasure,"",Air,AUSTRALIA,AUSTRALIA
5517803,2013,3,M,QF,00093,WT,Pleasure,"",Air,AUSTRALIA,AUSTRALIA
3385048,1965,51,F,JQ,00003,WT,Pleasure,"",Air,AUSTRALIA,AUSTRALIA
5516452,1957,59,F,JQ,00003,WT,Pleasure,"",Air,AUSTRALIA,AUSTRALIA
3910822,1961,55,"",UA,00099,WT,Pleasure,"",Air,AUSTRALIA,AUSTRALIA
1231815,1977,39,"",UA,00840,WT,Pleasure,"",Air,AUSTRALIA,AUSTRALIA
1232357,1999,17,M,QF,00073,WT,Pleasure,"",Air,AUSTRALIA,AUSTRALIA
5516418,1942,74,M,JQ,00001,WT,Pleasure,"",Air,AUSTRALIA,AUSTRALIA
4116530,1962,54,F,NZ,00008,WT,Pleasure,"",Air,AUSTRALIA,AUSTRALIA
1648938,2003,13,F,VA,00001,WT,Pleasure,"",Air,AUSTRALIA,AUSTRALIA
2051443,1944,72,F,QF,00007,WT,Pleasure,"",Air,AUSTRALIA,AUSTRALIA
1053226,1982,34,M,FJ,810,WT,Pleasure,"",Air,AUSTRALIA,AUSTRALIA
712131,1970,46,F,AA,04104,WT,Pleasure,"",Air,AUSTRALIA,AUSTRALIA
1051236,1992,24,M,JQ,00001,WT,Pleasure,"",Air,AUSTRALIA,AUSTRALIA
5295362,1970,46,M,UA,01033,WT,Pleasure,"",Air,AUSTRALIA,AUSTRALIA
886260,1954,62,M,QF,00073,WT,Pleasure,"",Air,AUSTRALIA,AUSTRALIA
4753503,1967,49,"",HA,00452,WB,Business,"",Air,AUSTRALIA,AUSTRALIA
3387259,1982,34,F,QF,00011,WT,Pleasure,"",Air,AUSTRALIA,AUSTRALIA
1232307,1954,62,F,CX,00892,WT,Pleasure,"",Air,AUSTRALIA,AUSTRALIA
5516628,1964,52,M,HA,00452,WT,Pleasure,"",Air,AUSTRALIA,AUSTRALIA
307397,1995,21,M,HA,00452,WT,Pleasure,"",Air,AUSTRALIA,AUSTRALIA
2756515,1990,26,M,"",LAND,WT,Pleasure,"",Land,AUSTRALIA,AUSTRALIA
5518986,1948,68,M,QF,00073,WT,Pleasure,"",Air,AUSTRALIA,AUSTRALIA
306972,1960,56,F,HA,00444,WT,Pleasure,"",Air,AUSTRALIA,AUSTRALIA
999282,1957,59,M,AM,00428,WB,Business,"",Air,SPAIN,SPAIN
3108700,1983,33,M,IB,06165,WT,Pleasure,"",Air,SPAIN,SPAIN
22388,1968,48,F,SWQ,03182,WT,Pleasure,"",Air,SPAIN,SPAIN
5032473,1968,48,M,IB,06275,WT,Pleasure,"",Air,SPAIN,SPAIN
3669469,1976,40,"",CM,00304,WB,Business,"",Air,SPAIN,PANAMA
3110964,1983,33,F,NK,00400,WT,Pleasure,"",Air,SPAIN,COLOMBIA
2897919,1969,47,"",DL,00215,WB,Business,"",Air,SPAIN,SPAIN
5032769,1978,38,F,YX,04335,B2,Pleasure,NSS,Air,SPAIN,SPAIN
1583343,1963,53,F,IB,06275,WT,Pleasure,"",Air,SPAIN,SPAIN
3108923,1978,38,M,LX,18,WB,Business,"",Air,SPAIN,SPAIN
5441846,1994,22,F,UX,00091,WT,Pleasure,"",Air,SPAIN,SPAIN
1366324,1961,55,F,TP,203,WT,Pleasure,"",Air,SPAIN,SPAIN
1000074,1967,49,M,AA,00940,WT,Pleasure,"",Air,SPAIN,ARGENTINA
5757922,1988,28,M,SV,00021,B2,Pleasure,RID,Air,SAUDI ARABIA,SAUDI ARABIA
80898,1987,29,M,AA,00051,B2,Pleasure,RID,Air,SAUDI ARABIA,SAUDI ARABIA
2947585,1981,35,M,SV,00041,B1,Business,JDD,Air,SAUDI ARABIA,SAUDI ARABIA
4167704,1982,34,F,AA,02294,B2,Pleasure,SNS,Air,EL SALVADOR,EL SALVADOR
5133973,1929,87,M,AV,00580,B2,Pleasure,SNS,Air,EL SALVADOR,EL SALVADOR
1278563,1963,53,M,UA,01467,B2,Pleasure,SNS,Air,EL SALVADOR,EL SALVADOR
2810765,1968,48,M,AV,00520,B1,Business,SNS,Air,EL SALVADOR,EL SALVADOR
2197173,1968,48,F,CX,870,B2,Pleasure,"",Air,"CHINA, PRC","CHINA, PRC"
692716,1984,32,M,CA,00819,B1,Business,BEJ,Air,"CHINA, PRC","CHINA, PRC"
3364934,1958,58,"",MU,00571,B2,Pleasure,"",Air,"CHINA, PRC","CHINA, PRC"
1843262,1956,60,F,AA,00186,B2,Pleasure,BEJ,Air,"CHINA, PRC","CHINA, PRC"
4732257,1948,68,M,UA,00008,B2,Pleasure,CHE,Air,"CHINA, PRC","CHINA, PRC"
4537062,2010,6,"",MU,00577,B2,Pleasure,"",Air,"CHINA, PRC","CHINA, PRC"
1408683,1963,53,F,AA,00128,B2,Pleasure,GUZ,Air,"CHINA, PRC","CHINA, PRC"
5500240,1940,76,F,DL,00186,B2,Pleasure,SHG,Air,"CHINA, PRC","CHINA, PRC"
5278774,1979,37,F,HU,00495,B2,Pleasure,GUZ,Air,"CHINA, PRC","CHINA, PRC"
696029,1968,48,M,OZ,00222,B2,Pleasure,SHG,Air,"CHINA, PRC","CHINA, PRC"
2735489,2011,5,F,CZ,00327,B2,Pleasure,GUZ,Air,"CHINA, PRC","CHINA, PRC"
4319371,1952,64,"",MU,00577,B2,Pleasure,"",Air,"CHINA, PRC","CHINA, PRC"
1216269,1964,52,M,AA,00186,B2,Pleasure,GUZ,Air,"CHINA, PRC","CHINA, PRC"
2938927,1971,45,F,AA,00288,B1,Business,SHG,Air,"CHINA, PRC","CHINA, PRC"
2737342,2008,8,F,JL,00794,B2,Pleasure,SHG,Air,"CHINA, PRC","CHINA, PRC"
4098212,1943,73,F,CI,00004,B2,Pleasure,GUZ,Air,"CHINA, PRC","CHINA, PRC"
5074129,1964,52,M,UA,00088,B2,Pleasure,BEJ,Air,"CHINA, PRC","CHINA, PRC"
4538779,1970,46,F,MU,00583,B2,Pleasure,CHE,Air,"CHINA, PRC","CHINA, PRC"
5500649,1990,26,M,UA,00836,B1,Business,SHG,Air,"CHINA, PRC","CHINA, PRC"
3891814,1979,37,F,CA,00983,B2,Pleasure,BEJ,Air,"CHINA, PRC","CHINA, PRC"
4321597,1978,38,M,CA,00985,B1,Business,BEJ,Air,"CHINA, PRC","CHINA, PRC"
2038184,1966,50,F,MU,00589,B2,Pleasure,SHG,Air,"CHINA, PRC","CHINA, PRC"
4909999,1948,68,M,UA,00858,B2,Pleasure,SHG,Air,"CHINA, PRC","CHINA, PRC"
2933588,1972,44,"",CA,00887,B2,Pleasure,"",Air,"CHINA, PRC","CHINA, PRC"
1036934,1957,59,M,UA,00836,B2,Pleasure,GUZ,Air,"CHINA, PRC","CHINA, PRC"
5273693,1962,54,"",AA,00128,B2,Pleasure,"",Air,"CHINA, PRC","CHINA, PRC"
499578,1987,29,F,UA,00889,F1,Student,BEJ,Air,"CHINA, PRC","CHINA, PRC"
2734662,1988,28,M,UA,00008,B2,Pleasure,CHE,Air,"CHINA, PRC","CHINA, PRC"
867234,1950,66,M,CX,00884,B1,Business,HNK,Air,"CHINA, PRC",HONG KONG
4903433,1950,66,"",AA,00138,B2,Pleasure,"",Air,"CHINA, PRC","CHINA, PRC"
289649,1957,59,M,DL,00582,B2,Pleasure,GUZ,Air,"CHINA, PRC","CHINA, PRC"
67523,1959,57,M,CA,00995,B1,Business,BEJ,Air,"CHINA, PRC","CHINA, PRC"
4729596,1956,60,F,RV,01884,B2,Pleasure,HNK,Air,"CHINA, PRC",HONG KONG
3162474,1955,61,F,MU,00583,B2,Pleasure,GUZ,Air,"CHINA, PRC","CHINA, PRC"
1037028,1960,56,F,DL,00588,B2,Pleasure,GUZ,Air,"CHINA, PRC","CHINA, PRC"
1214788,1965,51,M,CA,00819,B2,Pleasure,SHG,Air,"CHINA, PRC","CHINA, PRC"
1632631,1967,49,M,QF,00017,B2,Pleasure,SYD,Air,"CHINA, PRC",AUSTRALIA
1215382,1974,42,M,DL,00186,B1,Business,SHG,Air,"CHINA, PRC","CHINA, PRC"
2933080,1974,42,F,WS,01754,B2,Pleasure,HNK,Air,"CHINA, PRC",HONG KONG
2362315,1973,43,M,AA,00262,B1,Business,SHG,Air,"CHINA, PRC","CHINA, PRC"
2546113,1981,35,F,HU,00497,B2,Pleasure,GUZ,Air,"CHINA, PRC","CHINA, PRC"
4541593,1975,41,M,CA,00995,B1,Business,SHG,Air,"CHINA, PRC","CHINA, PRC"
5743519,1995,21,F,CX,888,F1,Student,GUZ,Air,"CHINA, PRC","CHINA, PRC"
1211380,1953,63,"",MU,00583,B2,Pleasure,"",Air,"CHINA, PRC","CHINA, PRC"
3535501,1960,56,F,UA,00087,B2,Pleasure,GUZ,Air,"CHINA, PRC","CHINA, PRC"
692088,1996,20,F,DL,00016,F1,Student,HNK,Air,"CHINA, PRC",HONG KONG
499823,1980,36,M,"",00583,B1,Business,CDJ,Land,"CHINA, PRC","CHINA, PRC"
5746779,1984,32,M,AA,00288,B2,Pleasure,SHG,Air,"CHINA, PRC","CHINA, PRC"
1407986,1956,60,M,MU,00589,B2,Pleasure,BEJ,Air,"CHINA, PRC","CHINA, PRC"
232708,1983,33,F,BA,00117,WT,Pleasure,"",Air,GREECE,UNITED KINGDOM
5020169,1983,33,M,TK,00003,WT,Pleasure,"",Air,GREECE,GREECE
237254,1985,31,M,LH,00404,WT,Pleasure,"",Air,LUXEMBOURG,LUXEMBOURG
2572618,1978,38,M,AA,01504,B2,Pleasure,TGG,Air,HONDURAS,HONDURAS
95870,1943,73,M,AA,00956,B1,Business,TGG,Air,HONDURAS,HONDURAS
3554693,1992,24,F,"",LAND,B2,Pleasure,ACK,Land,NEW ZEALAND,NEW ZEALAND
4560971,1965,51,M,NZ,00008,WT,Pleasure,"",Air,NEW ZEALAND,AUSTRALIA
2572103,1961,55,F,KX,00106,B2,Pleasure,KNG,Air,CAYMAN ISLANDS,CAYMAN ISLANDS
2568615,1954,62,F,NZ,00008,WT,Pleasure,"",Air,NEW ZEALAND,NEW ZEALAND
2758683,1985,31,F,UA,00862,WB,Business,"",Air,NEW ZEALAND,NEW ZEALAND
2762951,1972,44,M,AV,00522,B2,Pleasure,TGG,Air,HONDURAS,HONDURAS
1870573,1997,19,F,AA,01504,B2,Pleasure,TGG,Air,HONDURAS,HONDURAS
2763068,1989,27,F,AA,00956,B2,Pleasure,TGG,Air,HONDURAS,HONDURAS
2956283,1971,45,F,NZ,00010,WT,Pleasure,"",Air,NEW ZEALAND,NEW ZEALAND
91889,1952,64,M,NZ,00008,WT,Pleasure,"",Air,NEW ZEALAND,NEW ZEALAND
4344944,1969,47,M,DL,00040,WB,Business,"",Air,NEW ZEALAND,AUSTRALIA
3187040,1963,53,F,NZ,00028,WT,Pleasure,"",Air,NEW ZEALAND,NEW ZEALAND
3869924,1987,29,F,DL,21,WT,Pleasure,"",Air,SLOVAKIA,SLOVAKIA
1048108,1943,73,F,KU,00117,B2,Pleasure,KWT,Air,KUWAIT,KUWAIT
1636545,1956,60,F,KE,00023,WT,Pleasure,"",Air,"",SOUTH KOREA
3172408,1980,36,M,"",LAND,WT,Pleasure,"",Land,"",SOUTH KOREA
3652711,1981,35,"",AY,00005,WT,Pleasure,"",Air,ESTONIA,ESTONIA
2369303,1947,69,F,KE,00017,WT,Pleasure,"",Air,"",SOUTH KOREA
2943425,1956,60,M,KE,00017,WT,Pleasure,"",Air,"",SOUTH KOREA
5284360,2005,11,M,OZ,00232,WT,Pleasure,"",Air,"",SOUTH KOREA
2368032,1976,40,M,LJ,00601,WT,Pleasure,"",Air,"",SOUTH KOREA
4741049,1997,19,F,OZ,00222,WT,Pleasure,"",Air,"",SOUTH KOREA
1851628,1984,32,M,KE,00053,WT,Pleasure,"",Air,"",SOUTH KOREA
3542252,1964,52,M,KE,00053,WT,Pleasure,"",Air,"",SOUTH KOREA
4547068,1984,32,M,KE,00053,WT,Pleasure,"",Air,"",SOUTH KOREA
3543377,1988,28,F,KE,00019,WT,Pleasure,"",Air,"",SOUTH KOREA
701007,1966,50,"",KE,00017,WB,Business,"",Air,"",SOUTH KOREA
3172891,1976,40,F,OZ,00212,WB,Business,"",Air,"",SOUTH KOREA
4913166,2012,4,F,KE,00053,WT,Pleasure,"",Air,"",SOUTH KOREA
4913292,1975,41,M,KE,00093,WT,Pleasure,"",Air,"",SOUTH KOREA
1636523,1987,29,F,OZ,00212,WT,Pleasure,"",Air,"",SOUTH KOREA
5750198,1986,30,F,EI,00105,WT,Pleasure,"",Air,"",IRELAND
509225,1999,17,M,UA,804,F1,Student,SEO,Air,"",SOUTH KOREA
699077,1973,43,M,AA,00280,WT,Pleasure,"",Air,"",SOUTH KOREA
3543194,2007,9,M,OZ,00204,WT,Pleasure,"",Air,"",SOUTH KOREA
5285085,1958,58,M,OZ,00222,WT,Pleasure,"",Air,"",SOUTH KOREA
5081528,1968,48,"",EV,05510,WB,Business,"",Air,"",SOUTH KOREA
3900131,1983,33,F,LJ,00601,WT,Pleasure,"",Air,"",SOUTH KOREA
2369222,1956,60,F,KE,00017,WT,Pleasure,"",Air,"",SOUTH KOREA
3652687,1971,45,"",NK,00270,WT,Pleasure,"",Air,ESTONIA,ESTONIA
4739992,1985,31,F,KE,00053,WT,Pleasure,"",Air,"",SOUTH KOREA
5081809,1965,51,F,DL,00158,WT,Pleasure,"",Air,"",SOUTH KOREA
5070551,1952,64,M,QR,00739,B2,Pleasure,MDR,Air,INDIA,INDIA
2929149,1955,61,M,LH,00428,B2,Pleasure,DUB,Air,INDIA,INDIA
1840249,1948,68,F,EK,00227,B2,Pleasure,NWD,Air,INDIA,INDIA
5270355,1974,42,F,AA,00071,B2,Pleasure,MDR,Air,INDIA,INDIA
3529728,1955,61,M,EK,00227,B2,Pleasure,HYD,Air,INDIA,INDIA
688605,1976,40,M,"",LAND,B1,Business,CLG,Land,INDIA,INDIA
5492918,1999,17,M,LH,00426,B2,Pleasure,NWD,Air,INDIA,INDIA
687285,1974,42,M,LH,00402,B1,Business,SGP,Air,INDIA,SWITZERLAND
2353538,1998,18,F,AI,00191,B2,Pleasure,BMB,Air,INDIA,INDIA
864073,1969,47,M,KL,00605,B1,Business,BMB,Air,INDIA,INDIA
5488331,1981,35,F,QR,00701,B2,Pleasure,BMB,Air,INDIA,INDIA
61611,1981,35,"",QR,00701,B1,Business,"",Air,INDIA,INDIA
3886754,1938,78,M,AI,00127,B2,Pleasure,HYD,Air,INDIA,INDIA
3886516,1960,56,M,QR,00713,B2,Pleasure,HYD,Air,INDIA,INDIA
1400880,2014,2,M,AI,191,F2,Student,"",Air,INDIA,INDIA
1624057,1952,64,F,EK,00235,B2,Pleasure,MDR,Air,INDIA,INDIA
284782,1957,59,F,QR,00777,B2,Pleasure,MDR,Air,INDIA,INDIA
2195092,1957,59,F,EK,00207,B2,Pleasure,NWD,Air,INDIA,INDIA
1401034,1986,30,"",QR,00701,B2,Pleasure,"",Air,INDIA,INDIA
3155905,1976,40,M,EK,00215,B1,Business,NWD,Air,INDIA,INDIA
3530227,1957,59,M,EK,00203,B2,Pleasure,MDR,Air,INDIA,INDIA
4317940,1956,60,M,EK,00219,B2,Pleasure,DUB,Air,INDIA,UNITED ARAB EMIRATES
494733,1984,32,F,VS,41,F1,Student,LND,Air,INDIA,INDIA
3155478,2007,9,F,KL,00651,B2,Pleasure,MST,Air,INDIA,INDIA
862818,1964,52,F,AA,00719,B2,Pleasure,RME,Air,INDIA,ITALY
3888676,1983,33,M,EK,00215,B2,Pleasure,NWD,Air,INDIA,INDIA
5072687,1985,31,M,QR,00713,B2,Pleasure,CLG,Air,INDIA,INDIA
3697368,1958,58,"",EK,00201,B2,Pleasure,"",Air,INDIA,INDIA
4899947,1955,61,F,EY,00131,B2,Pleasure,HYD,Air,INDIA,INDIA
5069811,1946,70,F,QR,00743,B2,Pleasure,MDR,Air,INDIA,INDIA
2928372,1957,59,F,AI,00101,B1,Business,BMB,Air,INDIA,INDIA
5270782,1950,66,M,EK,00201,B2,Pleasure,MDR,Air,INDIA,INDIA
3360046,1950,66,F,AI,00101,B2,Pleasure,BMB,Air,INDIA,INDIA
5735642,1952,64,M,QR,00725,B2,Pleasure,MDR,Air,INDIA,INDIA
5731122,2003,13,"",KU,00101,B2,Pleasure,"",Air,INDIA,INDIA
1032729,1946,70,M,BA,00069,B2,Pleasure,MDR,Air,INDIA,INDIA
1435383,1955,61,F,"",01788,B2,Pleasure,"",Land,INVALID: CANADA,HONG KONG
2573307,2012,4,M,BB,04590,B2,Pleasure,"",Air,INVALID: CANADA,ANTIGUA-BARBUDA
1345422,1945,71,F,NH,00002,B2,Pleasure,RNG,Air,"",BURMA
1347695,2000,16,M,AA,00733,B2,Pleasure,SOF,Air,BULGARIA,BULGARIA
1905596,1987,29,M,CM,00228,B2,Pleasure,SNJ,Air,COSTA RICA,COSTA RICA
1093165,1982,34,M,AV,00310,B2,Pleasure,SNJ,Air,COSTA RICA,COSTA RICA
5133426,1993,23,M,CM,00252,B2,Pleasure,SNJ,Air,COSTA RICA,COSTA RICA
559860,1975,41,M,CM,00478,B2,Pleasure,SNJ,Air,COSTA RICA,COSTA RICA
5470326,1951,65,M,KL,00621,B2,Pleasure,JAK,Air,INDONESIA,INDONESIA
352846,1942,74,F,B6,00038,B2,Pleasure,SNJ,Air,COSTA RICA,COSTA RICA
3139866,1988,28,M,AA,00138,B1,Business,JAK,Air,INDONESIA,INDONESIA
4916639,1954,62,F,EK,00215,B2,Pleasure,MNL,Air,PHILIPPINES,PHILIPPINES
2556646,2002,14,M,OZ,00204,B2,Pleasure,MNL,Air,PHILIPPINES,PHILIPPINES
5756066,1958,58,F,"",LAND,B2,Pleasure,MNL,Land,PHILIPPINES,PHILIPPINES
80353,1982,34,M,SQ,00016,B1,Business,SGP,Air,PHILIPPINES,PHILIPPINES
4745361,1977,39,F,KE,00037,B2,Pleasure,MNL,Air,PHILIPPINES,PHILIPPINES
4916874,1968,48,F,MU,00717,B2,Pleasure,MNL,Air,PHILIPPINES,PHILIPPINES
298424,1997,19,M,QR,00703,B2,Pleasure,SGP,Air,PHILIPPINES,SINGAPORE
878052,1981,35,M,PR,00102,B1,Business,MNL,Air,PHILIPPINES,PHILIPPINES
2557045,1943,73,F,PR,00104,B2,Pleasure,MNL,Air,PHILIPPINES,PHILIPPINES
13213,1981,35,"",AA,00109,WT,Pleasure,"",Air,IRELAND,IRELAND
5021687,1991,25,F,EI,00111,WT,Pleasure,"",Air,IRELAND,IRELAND
13208,1987,29,M,VS,00007,WT,Pleasure,"",Air,IRELAND,IRELAND
3493719,1956,60,M,UA,00022,WT,Pleasure,"",Air,IRELAND,IRELAND
3661175,1983,33,"",BA,00207,WT,Pleasure,"",Air,IRELAND,IRELAND
5021720,1990,26,F,AA,00211,WT,Pleasure,"",Air,IRELAND,IRELAND
5430874,1976,40,M,VS,00043,WT,Pleasure,"",Air,IRELAND,IRELAND
3661015,1959,57,F,EI,00111,WT,Pleasure,"",Air,IRELAND,IRELAND
5673587,1988,28,F,EI,00105,WT,Pleasure,"",Air,IRELAND,IRELAND
4043656,1976,40,"",BA,02167,WT,Pleasure,"",Air,IRELAND,IRELAND
446046,1967,49,F,EI,00105,WT,Pleasure,"",Air,IRELAND,IRELAND
2752883,1982,34,M,AA,01428,B2,Pleasure,CPT,Air,SOUTH AFRICA,BERMUDA
4269184,1973,43,M,UA,00017,WT,Pleasure,"",Air,NETHERLANDS,NETHERLANDS
450692,1982,34,F,UA,00071,WT,Pleasure,"",Air,NETHERLANDS,NETHERLANDS
2686134,1995,21,F,FI,00615,WT,Pleasure,"",Air,NETHERLANDS,NETHERLANDS
4865466,1988,28,M,DL,00057,WT,Pleasure,"",Air,NETHERLANDS,NETHERLANDS
2161755,1956,60,"",DL,00047,WB,Business,"",Air,NETHERLANDS,NETHERLANDS
17786,1985,31,"",VS,00009,WB,Business,"",Air,NETHERLANDS,NETHERLANDS
3106766,1959,57,"",BW,00484,WT,Pleasure,"",Air,NETHERLANDS,NETHERLANDS
4490715,1969,47,M,KL,00641,WT,Pleasure,"",Air,NETHERLANDS,NETHERLANDS
4268549,1972,44,F,BA,00219,WT,Pleasure,"",Air,NETHERLANDS,NETHERLANDS
3846710,1946,70,"",CZ,00399,WT,Pleasure,"",Air,NETHERLANDS,NETHERLANDS
5679004,2003,13,M,UA,00071,WT,Pleasure,"",Air,NETHERLANDS,NETHERLANDS
2161628,1960,56,M,"",LAND,WT,Pleasure,"",Land,NETHERLANDS,NETHERLANDS
5029772,2005,11,"",SN,00501,WT,Pleasure,"",Air,NETHERLANDS,NETHERLANDS
1794308,1994,22,F,AA,00910,WT,Pleasure,"",Air,NETHERLANDS,NETHERLANDS
5678526,1976,40,M,DL,00075,WT,Pleasure,"",Air,NETHERLANDS,NETHERLANDS
3106819,1970,46,"",KL,00605,WB,Business,"",Air,NETHERLANDS,NETHERLANDS
2496533,1971,45,F,KL,00641,WT,Pleasure,"",Air,NETHERLANDS,NETHERLANDS
1794581,1968,48,M,DL,00179,WB,Business,"",Air,NETHERLANDS,NETHERLANDS
1793960,1973,43,"",KL,00641,WB,Business,"",Air,NETHERLANDS,NETHERLANDS
2892590,1955,61,F,SK,00925,WB,Business,"",Air,NETHERLANDS,NETHERLANDS
4489534,1967,49,F,LH,00408,WT,Pleasure,"",Air,NETHERLANDS,NETHERLANDS
5026709,1972,44,F,DL,00049,WT,Pleasure,"",Air,NETHERLANDS,NETHERLANDS
4051263,1979,37,F,BA,00209,WT,Pleasure,"",Air,NETHERLANDS,NETHERLANDS
4489316,1997,19,F,DL,00137,WT,Pleasure,"",Air,NETHERLANDS,NETHERLANDS
2318687,1981,35,"",UX,00097,WT,Pleasure,"",Air,NETHERLANDS,NETHERLANDS
4865286,1986,30,M,TB,00217,WT,Pleasure,"",Air,NETHERLANDS,NETHERLANDS
4273827,1969,47,F,LH,00482,WT,Pleasure,"",Air,NETHERLANDS,NETHERLANDS
18310,1971,45,M,DL,00143,WT,Pleasure,"",Air,NETHERLANDS,NETHERLANDS
2497179,1964,52,M,DL,00161,WT,Pleasure,"",Air,NETHERLANDS,NETHERLANDS
5680234,1975,41,F,SN,00501,WT,Pleasure,"",Air,NETHERLANDS,NETHERLANDS
1364080,1975,41,M,9E,03848,WB,Business,"",Air,NETHERLANDS,NETHERLANDS
2496521,1969,47,F,DL,00049,WT,Pleasure,"",Air,NETHERLANDS,NETHERLANDS
4687494,1973,43,M,ZX,07365,WT,Pleasure,"",Air,NETHERLANDS,NETHERLANDS
1147049,1959,57,M,AV,00006,WT,Pleasure,"",Air,CHILE,CHILE
5193362,1944,72,F,AV,00028,WT,Pleasure,"",Air,CHILE,CHILE
3476890,1943,73,M,UA,02065,B1,Business,SNT,Air,CHILE,CHILE
5891340,1951,65,F,CM,00226,WT,Pleasure,"",Air,CHILE,CHILE
211301,1973,43,F,LA,00502,B2,Pleasure,SNT,Air,CHILE,CHILE
3291050,1961,55,F,UA,00850,WT,Pleasure,"",Air,CHILE,CHILE
2006623,1999,17,M,VS,00075,WT,Pleasure,"",Air,UNITED KINGDOM,UNITED KINGDOM
36661,1985,31,M,NZ,6,B2,Pleasure,"",Air,UNITED KINGDOM,UNITED KINGDOM
4507487,2004,12,M,BA,02039,WT,Pleasure,"",Air,UNITED KINGDOM,UNITED KINGDOM
1186211,1970,46,M,VS,00015,WT,Pleasure,"",Air,UNITED KINGDOM,UNITED KINGDOM
5234881,1976,40,F,VS,00085,WT,Pleasure,"",Air,UNITED KINGDOM,UNITED KINGDOM
3335777,1966,50,M,BA,00283,WT,Pleasure,"",Air,UNITED KINGDOM,UNITED KINGDOM
5695448,1964,52,M,UA,00925,WT,Pleasure,"",Air,UNITED KINGDOM,UNITED KINGDOM
3681899,2010,6,F,BA,00287,WT,Pleasure,"",Air,UNITED KINGDOM,UNITED KINGDOM
2002746,1953,63,M,BA,00115,WB,Business,"",Air,UNITED KINGDOM,UNITED KINGDOM
5044435,1968,48,F,AA,01089,WT,Pleasure,"",Air,UNITED KINGDOM,UNITED KINGDOM
1602004,1972,44,M,LX,00022,E2,Business,BEN,Air,UNITED KINGDOM,UNITED KINGDOM
2514747,1967,49,M,VS,00015,WT,Pleasure,"",Air,UNITED KINGDOM,UNITED KINGDOM
660066,2008,8,M,BA,00115,WT,Pleasure,"",Air,UNITED KINGDOM,UNITED KINGDOM
1006905,1993,23,F,EI,139,WB,Business,"",Air,UNITED KINGDOM,UNITED KINGDOM
1999678,1983,33,F,"",LAND,WT,Pleasure,"",Land,UNITED KINGDOM,UNITED KINGDOM
475483,1973,43,"",AA,00135,WB,Business,"",Air,UNITED KINGDOM,UNITED KINGDOM
1379698,1964,52,M,VS,00071,WT,Pleasure,"",Air,UNITED KINGDOM,UNITED KINGDOM
3507228,1993,23,M,VS,00025,WT,Pleasure,"",Air,UNITED KINGDOM,UNITED KINGDOM
4874583,1959,57,F,VS,00111,WT,Pleasure,"",Air,UNITED KINGDOM,UNITED KINGDOM
1604063,1968,48,M,AA,01250,WT,Pleasure,"",Air,UNITED KINGDOM,UNITED KINGDOM
4876422,1975,41,"",BA,00269,WB,Business,"",Air,UNITED KINGDOM,UNITED KINGDOM
5231114,1947,69,"",BA,00217,WB,Business,"",Air,UNITED KINGDOM,UNITED KINGDOM
3123550,1999,17,F,VS,00073,WT,Pleasure,"",Air,UNITED KINGDOM,UNITED KINGDOM
5454506,1982,34,M,NZ,00001,WT,Pleasure,"",Air,UNITED KINGDOM,UNITED KINGDOM
847150,1948,68,M,BA,02167,WT,Pleasure,"",Air,UNITED KINGDOM,UNITED KINGDOM
4879567,1974,42,M,TK,00079,WB,Business,"",Air,UNITED KINGDOM,UNITED KINGDOM
2175688,1959,57,M,TOM,00132,WT,Pleasure,"",Air,UNITED KINGDOM,UNITED KINGDOM
2509310,1949,67,F,EI,00123,WT,Pleasure,"",Air,UNITED KINGDOM,UNITED KINGDOM
4700630,1987,29,F,BA,117,WT,Pleasure,"",Air,UNITED KINGDOM,UNITED KINGDOM
2903779,1956,60,F,VS,00021,WT,Pleasure,"",Air,UNITED KINGDOM,UNITED KINGDOM
3859552,1993,23,M,MT,00848,WT,Pleasure,"",Air,UNITED KINGDOM,UNITED KINGDOM
5450392,1992,24,M,NK,00270,WT,Pleasure,"",Air,UNITED KINGDOM,UNITED KINGDOM
3861001,1998,18,F,VS,00003,WT,Pleasure,"",Air,UNITED KINGDOM,UNITED KINGDOM
1376054,1948,68,M,VS,00045,WT,Pleasure,"",Air,UNITED KINGDOM,UNITED KINGDOM
5696484,1986,30,F,VS,00111,WT,Pleasure,"",Air,UNITED KINGDOM,UNITED KINGDOM
2908117,1965,51,F,VS,00005,WT,Pleasure,"",Air,UNITED KINGDOM,UNITED KINGDOM
1803491,1976,40,"",VS,00103,WB,Business,"",Air,UNITED KINGDOM,UNITED KINGDOM
5693192,1964,52,F,VS,00109,WT,Pleasure,"",Air,UNITED KINGDOM,UNITED KINGDOM
2011700,1952,64,"",BA,00283,WT,Pleasure,"",Air,UNITED KINGDOM,UNITED KINGDOM
4697112,1950,66,M,UA,00080,WT,Pleasure,"",Air,UNITED KINGDOM,UNITED KINGDOM
2520663,1964,52,"",BA,02037,WB,Business,"",Air,UNITED KINGDOM,UNITED KINGDOM
467207,1980,36,M,UA,00935,WT,Pleasure,"",Air,UNITED KINGDOM,UNITED KINGDOM
3866997,1991,25,F,VS,00019,WT,Pleasure,"",Air,UNITED KINGDOM,UNITED KINGDOM
3334127,1985,31,M,VS,00003,WT,Pleasure,"",Air,UNITED KINGDOM,UNITED KINGDOM
2706307,1961,55,F,VS,00041,WT,Pleasure,"",Air,UNITED KINGDOM,UNITED KINGDOM
3859178,1967,49,F,AA,00107,WT,Pleasure,"",Air,UNITED KINGDOM,UNITED KINGDOM
4505923,1967,49,F,MT,00124,WT,Pleasure,"",Air,UNITED KINGDOM,UNITED KINGDOM
1999393,1967,49,"",DL,00075,WB,Business,"",Air,UNITED KINGDOM,UNITED KINGDOM
1181033,1999,17,M,EI,00105,WT,Pleasure,"",Air,UNITED KINGDOM,UNITED KINGDOM
4877203,2010,6,F,VS,00075,WT,Pleasure,"",Air,UNITED KINGDOM,UNITED KINGDOM
1803405,1939,77,M,DL,00688,WT,Pleasure,"",Air,UNITED KINGDOM,UNITED KINGDOM
3682251,1963,53,F,BA,02167,WT,Pleasure,"",Air,UNITED KINGDOM,UNITED KINGDOM
4698239,1941,75,F,UA,00101,WT,Pleasure,"",Air,UNITED KINGDOM,UNITED KINGDOM
4877171,2005,11,M,MT,00414,WT,Pleasure,"",Air,UNITED KINGDOM,UNITED KINGDOM
4702607,1967,49,"",BA,02037,WT,Pleasure,"",Air,UNITED KINGDOM,UNITED KINGDOM
3865265,1990,26,M,AA,00057,WT,Pleasure,"",Air,UNITED KINGDOM,UNITED KINGDOM
5698234,1989,27,M,AA,211,WT,Pleasure,"",Air,UNITED KINGDOM,UNITED KINGDOM
5703109,1971,45,M,"",LAND,WT,Pleasure,"",Land,UNITED KINGDOM,UNITED KINGDOM
2168671,1975,41,"",VS,00109,WT,Pleasure,"",Air,UNITED KINGDOM,UNITED KINGDOM
3341644,1963,53,"",AA,00051,WB,Business,"",Air,UNITED KINGDOM,UNITED KINGDOM
838246,1996,20,M,UA,00919,WT,Pleasure,"",Air,UNITED KINGDOM,UNITED KINGDOM
1600731,1962,54,M,TOM,00046,WT,Pleasure,"",Air,UNITED KINGDOM,UNITED KINGDOM
261165,1976,40,M,AA,00729,WT,Pleasure,"",Air,UNITED KINGDOM,UNITED KINGDOM
2902077,1978,38,M,BA,00227,WB,Business,"",Air,UNITED KINGDOM,UNITED KINGDOM
38637,2002,14,"",VS,00071,WT,Pleasure,"",Air,UNITED KINGDOM,UNITED KINGDOM
5451416,1945,71,F,VS,00009,WT,Pleasure,"",Air,UNITED KINGDOM,UNITED KINGDOM
4289482,1947,69,F,VS,00007,WT,Pleasure,"",Air,UNITED KINGDOM,UNITED KINGDOM
3331441,1971,45,M,BA,185,WB,Business,"",Air,UNITED KINGDOM,UNITED KINGDOM
2906098,1966,50,M,BA,00283,WT,Pleasure,"",Air,UNITED KINGDOM,UNITED KINGDOM
253555,1973,43,F,BA,00177,WT,Pleasure,"",Air,UNITED KINGDOM,UNITED KINGDOM
471394,1976,40,F,BA,00067,WB,Business,"",Air,UNITED KINGDOM,UNITED KINGDOM
1809655,1968,48,"",BA,00283,WT,Pleasure,"",Air,UNITED KINGDOM,UNITED KINGDOM
4698964,1960,56,F,VS,00025,WB,Business,"",Air,UNITED KINGDOM,UNITED KINGDOM
45157,1958,58,"",AA,00055,WT,Pleasure,"",Air,UNITED KINGDOM,UNITED KINGDOM
3507607,1952,64,F,BA,00177,WT,Pleasure,"",Air,UNITED KINGDOM,UNITED KINGDOM
1383491,1992,24,F,BA,00287,WT,Pleasure,"",Air,UNITED KINGDOM,UNITED KINGDOM
2907046,1991,25,F,VS,00027,WT,Pleasure,"",Air,UNITED KINGDOM,UNITED KINGDOM
32582,1988,28,"",VS,00045,WT,Pleasure,"",Air,UNITED KINGDOM,UNITED KINGDOM
257403,2001,15,F,LH,00464,WT,Pleasure,"",Air,UNITED KINGDOM,UNITED KINGDOM
263870,1971,45,F,VS,00025,B2,Pleasure,LND,Air,UNITED KINGDOM,UNITED KINGDOM
840431,1982,34,F,BA,00173,WT,Pleasure,"",Air,UNITED KINGDOM,UNITED KINGDOM
2330915,2012,4,M,VS,00043,WT,Pleasure,"",Air,UNITED KINGDOM,UNITED KINGDOM
3119472,1981,35,F,DY,07015,WT,Pleasure,"",Air,UNITED KINGDOM,UNITED KINGDOM
3675104,1948,68,F,BA,00217,WT,Pleasure,"",Air,UNITED KINGDOM,UNITED KINGDOM
3859815,1980,36,M,AA,00279,WT,Pleasure,"",Air,UNITED KINGDOM,UNITED KINGDOM
2327918,1977,39,M,BA,00189,WT,Pleasure,"",Air,UNITED KINGDOM,UNITED KINGDOM
3330175,1949,67,"",DY,07147,WT,Pleasure,"",Air,UNITED KINGDOM,UNITED KINGDOM
2011996,1971,45,"",BA,00049,WB,Business,"",Air,UNITED KINGDOM,UNITED KINGDOM
2006895,1954,62,"",VS,00027,WT,Pleasure,"",Air,UNITED KINGDOM,UNITED KINGDOM
1182448,1988,28,M,KL,00643,WT,Pleasure,"",Air,UNITED KINGDOM,UNITED KINGDOM
662899,1979,37,F,BA,00283,WT,Pleasure,"",Air,UNITED KINGDOM,UNITED KINGDOM
3863510,1988,28,"",AA,00109,WT,Pleasure,"",Air,UNITED KINGDOM,UNITED KINGDOM
1006956,1997,19,F,EI,00105,WT,Pleasure,"",Air,UNITED KINGDOM,UNITED KINGDOM
264030,1968,48,M,BA,02037,B1,Business,LND,Air,UNITED KINGDOM,UNITED KINGDOM
2007033,1980,36,"",VS,00015,WT,Pleasure,"",Air,UNITED KINGDOM,UNITED KINGDOM
34343,2004,12,M,BA,00177,WT,Pleasure,"",Air,UNITED KINGDOM,UNITED KINGDOM
32221,1963,53,F,AA,00279,WT,Pleasure,"",Air,UNITED KINGDOM,UNITED KINGDOM
4511860,1965,51,"",BA,00227,WB,Business,"",Air,UNITED KINGDOM,UNITED KINGDOM
2709302,1959,57,"",KL,00611,WB,Business,"",Air,UNITED KINGDOM,UNITED KINGDOM
5707240,1983,33,"",YX,04427,WT,Pleasure,"",Air,UNITED KINGDOM,UNITED KINGDOM
3506997,1976,40,M,AA,00141,WB,Business,"",Air,UNITED KINGDOM,UNITED KINGDOM
252362,1955,61,"",VS,00003,WT,Pleasure,"",Air,UNITED KINGDOM,UNITED KINGDOM
1016822,1999,17,F,AA,00848,B2,Pleasure,CUS,Air,UNITED KINGDOM,CAYMAN ISLANDS
1185184,1948,68,M,NZ,00001,WT,Pleasure,"",Air,UNITED KINGDOM,UNITED KINGDOM
5242730,1969,47,F,DL,00560,B2,Pleasure,HML,Air,UNITED KINGDOM,BERMUDA
4288772,1984,32,M,VS,00043,WT,Pleasure,"",Air,UNITED KINGDOM,UNITED KINGDOM
1393049,1952,64,M,BR,00002,B2,Pleasure,PHP,Air,KAMPUCHEA,KAMPUCHEA
5227851,1977,39,"",LX,00008,WT,Pleasure,"",Air,SWITZERLAND,SWITZERLAND
2324901,1952,64,"",LX,00014,WT,Pleasure,"",Air,SWITZERLAND,SWITZERLAND
4499590,2010,6,F,LX,00040,WT,Pleasure,"",Air,SWITZERLAND,SWITZERLAND
25478,1948,68,F,LX,00014,WT,Pleasure,"",Air,SWITZERLAND,SWITZERLAND
834035,1965,51,M,LX,00018,WB,Business,"",Air,SWITZERLAND,SWITZERLAND
1002291,2001,15,M,LX,00018,WT,Pleasure,"",Air,SWITZERLAND,SWITZERLAND
652881,1995,21,M,AA,00065,WT,Pleasure,"",Air,SWITZERLAND,SWITZERLAND
3854905,1964,52,M,AA,01501,WT,Pleasure,"",Air,SWITZERLAND,SWITZERLAND
5226618,1981,35,F,LX,00016,WT,Pleasure,"",Air,SWITZERLAND,SWITZERLAND
5446642,1986,30,M,LX,00016,WT,Pleasure,"",Air,SWITZERLAND,SWITZERLAND
997142,1971,45,M,SK,00907,WT,Pleasure,"",Air,NORWAY,NORWAY
452796,1979,37,M,BA,00183,WB,Business,"",Air,NORWAY,UNITED KINGDOM
4494327,1978,38,F,DY,07001,WT,Pleasure,"",Air,NORWAY,NORWAY
1991822,1953,63,F,SK,00907,WT,Pleasure,"",Air,NORWAY,NORWAY
2319989,1973,43,M,DY,07083,WB,Business,"",Air,NORWAY,NORWAY
19751,1980,36,M,BA,00269,WT,Pleasure,"",Air,NORWAY,NORWAY
4866124,1955,61,"",DL,00137,WT,Pleasure,"",Air,NORWAY,NORWAY
3849271,1952,64,"",AA,01616,WT,Pleasure,"",Air,NORWAY,NORWAY
2320039,1996,20,M,DY,07083,WT,Pleasure,"",Air,NORWAY,NORWAY
2305457,1974,42,M,KL,00605,WB,Business,"",Air,BELGIUM,BELGIUM
6019883,1951,65,M,"","",WT,Pleasure,"",Sea,"",UNITED KINGDOM
1776348,1985,31,M,AA,00051,WB,Business,"",Air,BELGIUM,BELGIUM
5660225,1981,35,M,BA,00185,WT,Pleasure,"",Air,BELGIUM,BELGIUM
3300843,1977,39,M,UA,00998,WB,Business,"",Air,BELGIUM,BELGIUM
813390,1973,43,M,LH,00428,WB,Business,"",Air,BELGIUM,BELGIUM
1560415,2010,6,F,IB,06275,WT,Pleasure,"",Air,BELGIUM,BELGIUM
